SuhuMax,Kelembaban9am
15.5,78.0
17.0,80.0
32.0,62.0
24.5,25.0
20.3,55.0
21.8,63.0
18.7,69.0
19.0,89.0
35.3,44.0
29.1,41.0
10.5,99.0
11.1,87.0
17.0,76.0
-0.3,96.0
17.0,65.0
19.3,82.0
24.1,73.0
20.8,84.0
22.8,68.0
21.1,65.0
25.2,83.0
34.7,39.0
35.9,67.0
17.9,61.0
17.6,95.0
14.7,61.0
22.3,49.0
17.7,92.0
15.2,57.0
25.5,71.0
18.2,65.0
36.1,47.0
19.8,70.0
8.7,99.0
17.6,75.0
39.5,61.0
25.3,35.0
31.4,62.0
12.5,100.0
35.6,82.0
19.7,99.0
16.0,87.0
28.8,82.0
24.6,63.0
20.1,31.0
32.1,36.0
28.8,49.0
29.3,71.0
20.9,36.0
39.2,28.0
15.2,66.0
16.9,88.0
22.2,90.0
20.8,96.0
16.0,83.0
21.0,48.0
29.9,34.0
14.3,95.0
40.5,54.0
14.9,72.0
10.3,97.0
23.1,85.0
21.2,66.0
24.2,85.0
22.3,66.0
29.6,61.0
19.0,93.0
28.5,54.0
25.4,37.0
18.2,81.0
23.7,81.0
19.8,89.0
16.9,70.0
17.1,77.0
14.6,70.0
19.9,89.0
17.0,56.0
24.1,53.0
18.5,79.0
19.5,75.0
20.8,66.0
21.0,58.0
18.6,57.0
23.1,52.0
26.5,69.0
23.2,91.0
20.9,94.0
23.1,46.0
20.3,60.0
28.6,61.0
26.6,81.0
34.7,46.0
24.7,68.0
13.3,100.0
32.0,25.0
24.3,70.0
26.0,74.0
31.6,29.0
20.1,90.0
22.4,53.0
29.6,68.0
31.3,58.0
14.1,82.0
26.1,56.0
27.7,63.0
28.2,81.0
25.4,58.0
29.0,57.0
16.1,96.0
22.6,69.0
16.5,82.0
21.8,80.0
20.1,67.0
32.7,76.0
18.8,83.0
19.8,56.0
20.2,87.0
27.6,74.0
27.6,99.0
27.2,77.0
22.8,64.0
21.3,62.0
29.6,78.0
19.3,71.0
20.9,50.0
22.5,74.0
22.4,70.0
23.1,61.0
40.9,17.0
28.0,70.0
15.0,100.0
26.7,67.0
25.7,59.0
21.5,47.0
35.2,67.0
29.5,70.0
25.6,66.0
21.9,72.0
26.1,66.0
25.1,57.0
18.4,79.0
32.9,62.0
13.9,84.0
20.6,89.0
24.5,69.0
24.0,69.0
19.8,62.0
32.5,74.0
40.1,15.0
23.4,54.0
28.6,100.0
19.3,73.0
13.6,90.0
16.5,66.0
26.5,71.0
16.2,43.0
19.1,50.0
33.6,70.0
17.3,60.0
25.6,66.0
23.4,66.0
26.1,56.0
29.2,75.0
12.6,98.0
17.8,53.0
25.3,69.0
21.2,57.0
24.3,67.0
23.5,46.0
23.0,60.0
16.7,45.0
12.3,63.0
17.9,63.0
23.7,66.0
31.8,49.0
19.7,100.0
16.1,80.0
14.3,93.0
14.5,62.0
25.6,92.0
20.4,100.0
22.8,76.0
21.1,68.0
25.0,90.0
25.4,82.0
22.6,84.0
19.1,82.0
18.5,72.0
23.3,35.0
37.7,61.0
23.8,53.0
21.5,91.0
14.3,71.0
31.8,34.0
14.1,73.0
34.0,79.0
19.9,56.0
26.0,59.0
21.5,66.0
18.3,55.0
32.6,47.0
26.1,61.0
22.1,93.0
25.8,41.0
21.1,60.0
25.6,54.0
28.2,50.0
25.0,78.0
16.3,75.0
14.5,89.0
18.3,60.0
28.4,65.0
21.8,74.0
14.0,72.0
13.3,99.0
20.4,33.0
22.8,49.0
18.0,45.0
32.8,96.0
37.2,39.0
5.8,10.0
14.4,89.0
16.8,96.0
35.0,44.0
13.3,96.0
20.4,66.0
27.5,82.0
16.8,71.0
29.9,63.0
18.3,95.0
12.5,62.0
15.8,55.0
19.8,61.0
33.9,49.0
28.9,67.0
26.1,70.0
21.0,83.0
39.1,33.0
34.7,70.0
19.5,73.0
27.9,67.0
22.1,65.0
22.8,65.0
26.4,37.0
25.8,51.0
8.6,98.0
16.7,57.0
12.9,99.0
23.3,56.0
12.6,78.0
25.2,74.0
30.6,79.0
38.9,40.0
13.8,92.0
32.7,84.0
26.3,70.0
26.6,67.0
26.5,79.0
21.0,42.0
32.4,53.0
19.5,70.0
35.7,28.0
16.1,99.0
18.2,46.0
37.0,72.0
19.0,83.0
20.7,84.0
19.9,64.0
28.8,94.0
28.6,69.0
17.4,81.0
27.0,69.0
15.9,97.0
20.2,77.0
13.0,78.0
34.6,65.0
27.0,93.0
40.5,41.0
29.3,64.0
18.5,77.0
25.9,90.0
36.5,51.0
14.8,44.0
28.5,56.0
15.9,47.0
19.5,57.0
32.0,57.0
25.4,100.0
16.7,85.0
19.6,59.0
26.1,61.0
15.2,100.0
27.2,73.0
27.2,97.0
26.4,56.0
28.0,65.0
32.9,76.0
12.2,100.0
32.4,36.0
27.0,85.0
22.6,83.0
25.2,82.0
18.1,73.0
32.9,41.0
17.1,68.0
15.6,70.0
24.3,60.0
30.6,51.0
26.9,32.0
31.1,10.0
15.1,85.0
22.0,53.0
19.2,99.0
15.7,90.0
19.5,72.0
19.7,73.0
32.1,64.0
19.1,96.0
17.4,85.0
15.8,96.0
25.9,64.0
19.4,95.0
15.8,96.0
25.5,68.0
18.5,73.0
20.5,76.0
11.0,88.0
25.0,60.0
31.3,61.0
26.8,46.0
22.4,34.0
23.4,69.0
39.4,58.0
22.4,65.0
21.2,58.0
32.1,36.0
27.9,72.0
23.6,62.0
30.4,96.0
11.6,90.0
26.1,45.0
23.7,91.0
16.1,56.0
26.2,54.0
31.0,82.0
29.3,70.0
29.7,69.0
29.6,84.0
22.9,70.0
31.9,52.0
22.5,35.0
18.6,60.0
26.0,68.0
22.8,76.0
22.8,83.0
25.5,40.0
23.6,85.0
24.5,68.0
19.0,82.0
17.0,58.0
39.2,45.0
19.7,53.0
32.3,28.0
20.9,44.0
24.5,69.0
24.9,49.0
16.0,85.0
40.3,41.0
20.2,71.0
30.1,41.0
43.3,17.0
16.7,95.0
28.8,65.0
32.6,47.0
20.0,71.0
19.2,61.0
19.0,71.0
37.1,28.0
25.7,89.0
22.0,95.0
28.7,48.0
28.9,67.0
18.8,55.0
12.4,94.0
30.6,87.0
28.0,67.0
22.4,85.0
31.8,63.0
22.6,65.0
21.3,78.0
18.4,80.0
27.2,69.0
25.2,52.0
30.3,23.0
23.1,62.0
16.3,84.0
29.9,80.0
21.6,57.0
36.8,56.0
28.3,48.0
21.5,65.0
24.8,63.0
21.1,68.0
16.4,53.0
17.1,59.0
26.0,81.0
22.9,51.0
6.1,24.0
16.6,79.0
27.8,94.0
27.3,81.0
30.2,50.0
27.5,44.0
23.7,52.0
35.4,72.0
27.5,78.0
13.8,94.0
24.8,82.0
23.8,69.0
14.5,65.0
32.5,34.0
34.7,69.0
28.0,64.0
25.1,56.0
23.1,75.0
15.9,100.0
28.0,43.0
29.9,60.0
25.5,61.0
20.1,55.0
23.3,43.0
19.5,56.0
29.3,72.0
38.1,80.0
12.3,74.0
25.6,65.0
15.6,82.0
30.5,87.0
22.4,83.0
24.3,74.0
28.9,61.0
23.3,72.0
14.5,76.0
21.3,65.0
18.4,48.0
29.4,54.0
25.5,25.0
20.2,54.0
15.6,96.0
34.8,36.0
35.1,48.0
17.4,66.0
30.3,48.0
17.2,79.0
16.2,95.0
19.6,64.0
24.3,47.0
19.8,76.0
18.1,78.0
19.3,62.0
19.9,59.0
12.5,90.0
36.7,49.0
18.5,61.0
24.0,59.0
15.8,100.0
30.6,58.0
13.9,49.0
16.1,66.0
22.7,56.0
28.5,67.0
18.9,55.0
14.6,76.0
10.4,99.0
29.1,67.0
16.5,88.0
37.4,42.0
30.0,75.0
20.4,84.0
22.2,82.0
22.9,65.0
20.6,78.0
28.8,48.0
20.9,58.0
17.1,71.0
27.1,62.0
17.4,83.0
13.6,86.0
15.0,76.0
14.7,86.0
12.2,76.0
17.0,70.0
25.0,69.0
33.3,77.0
21.0,61.0
20.5,48.0
16.9,83.0
30.1,49.0
19.9,99.0
18.3,66.0
22.9,53.0
26.7,85.0
15.0,92.0
24.6,36.0
23.0,74.0
30.7,75.0
40.9,15.0
25.9,57.0
25.2,60.0
23.6,83.0
35.6,42.0
22.6,68.0
18.9,60.0
22.5,73.0
29.3,69.0
12.1,78.0
12.7,87.0
18.8,56.0
14.8,85.0
23.1,55.0
18.5,72.0
23.3,79.0
15.1,77.0
26.6,73.0
20.1,34.0
25.8,79.0
16.9,99.0
25.6,93.0
28.0,98.0
31.1,88.0
36.1,27.0
29.4,57.0
23.0,79.0
12.4,85.0
11.3,99.0
24.1,99.0
22.5,51.0
36.3,20.0
18.1,70.0
15.1,79.0
22.3,47.0
25.8,60.0
19.9,66.0
21.3,52.0
27.7,61.0
18.9,40.0
19.6,80.0
31.2,88.0
17.5,79.0
17.1,64.0
27.9,79.0
12.7,100.0
30.8,28.0
20.5,71.0
20.8,77.0
23.8,74.0
22.6,86.0
21.0,58.0
18.7,94.0
21.3,73.0
19.2,33.0
18.7,59.0
38.2,70.0
23.3,100.0
30.4,64.0
27.7,81.0
24.4,66.0
23.2,77.0
12.5,77.0
27.5,88.0
19.4,53.0
23.2,62.0
26.4,83.0
27.8,69.0
11.5,91.0
24.4,87.0
30.2,47.0
19.6,88.0
31.5,45.0
21.8,49.0
24.7,83.0
24.7,60.0
24.6,67.0
15.6,84.0
41.7,19.0
38.2,46.0
30.0,41.0
26.0,60.0
16.0,66.0
36.6,13.0
24.7,51.0
30.4,75.0
21.8,65.0
23.8,57.0
18.1,78.0
18.4,86.0
15.0,74.0
13.4,80.0
23.7,78.0
25.9,54.0
29.8,65.0
21.6,86.0
34.1,49.0
13.7,83.0
23.9,48.0
22.4,74.0
31.0,50.0
16.2,86.0
12.8,85.0
20.7,64.0
26.1,53.0
25.0,61.0
20.5,87.0
28.7,91.0
33.0,35.0
28.4,50.0
14.7,99.0
18.0,82.0
24.2,77.0
14.7,60.0
22.1,64.0
23.8,65.0
15.2,53.0
34.1,51.0
22.2,97.0
10.9,96.0
34.6,38.0
17.6,45.0
23.8,69.0
38.0,76.0
20.2,60.0
24.0,54.0
21.3,86.0
15.9,74.0
23.4,46.0
23.2,42.0
28.3,71.0
31.8,52.0
30.0,78.0
41.5,58.0
21.6,83.0
17.2,66.0
36.1,48.0
23.0,74.0
25.5,83.0
16.7,80.0
21.2,82.0
14.6,100.0
15.2,83.0
11.4,83.0
21.3,85.0
25.2,75.0
28.6,52.0
24.7,72.0
12.5,98.0
21.6,44.0
19.8,66.0
28.9,63.0
14.4,97.0
16.2,79.0
27.4,77.0
18.3,91.0
22.9,66.0
29.9,75.0
17.4,70.0
22.2,84.0
23.1,65.0
21.8,100.0
23.1,75.0
28.8,59.0
13.5,97.0
17.8,100.0
34.1,38.0
19.8,61.0
34.2,69.0
32.1,12.0
20.0,56.0
17.1,78.0
12.7,74.0
21.2,75.0
35.0,82.0
19.0,47.0
44.2,23.0
29.3,48.0
26.3,84.0
29.8,51.0
16.5,91.0
26.2,54.0
21.0,79.0
16.3,96.0
20.6,71.0
30.9,60.0
20.0,98.0
21.1,94.0
20.7,93.0
12.2,79.0
13.1,88.0
17.9,74.0
38.9,28.0
19.9,73.0
14.8,81.0
32.4,77.0
13.4,78.0
18.5,83.0
30.7,47.0
24.8,94.0
33.7,46.0
17.3,68.0
14.3,96.0
18.8,98.0
22.2,78.0
18.8,84.0
19.4,99.0
23.9,65.0
30.9,48.0
17.5,72.0
17.8,99.0
18.1,92.0
25.0,75.0
18.6,37.0
22.9,67.0
39.6,81.0
11.4,88.0
31.7,70.0
24.5,36.0
13.4,95.0
23.1,43.0
25.8,63.0
20.4,100.0
22.4,86.0
18.9,58.0
32.4,69.0
15.8,61.0
31.2,62.0
29.4,86.0
37.5,50.0
16.7,75.0
16.7,85.0
20.8,71.0
26.4,70.0
23.9,86.0
27.4,65.0
25.6,68.0
22.2,48.0
33.8,41.0
31.5,59.0
19.9,52.0
30.2,89.0
17.4,78.0
17.9,98.0
19.8,60.0
11.3,99.0
28.0,70.0
30.0,82.0
30.0,59.0
15.5,77.0
21.5,44.0
23.1,88.0
32.9,80.0
39.4,46.0
18.5,95.0
10.5,94.0
23.7,79.0
23.7,65.0
14.2,74.0
35.6,67.0
20.9,94.0
31.6,31.0
30.3,87.0
17.6,64.0
36.1,50.0
27.8,75.0
23.6,50.0
17.4,71.0
25.8,68.0
33.9,71.0
20.2,74.0
39.6,56.0
19.6,97.0
21.1,65.0
26.0,55.0
13.7,71.0
21.1,63.0
23.5,53.0
37.4,40.0
23.3,76.0
29.5,86.0
16.4,87.0
21.7,71.0
15.3,80.0
15.4,74.0
13.8,58.0
21.1,48.0
11.1,100.0
17.2,45.0
33.4,24.0
30.8,48.0
29.8,69.0
17.1,77.0
25.5,70.0
17.8,99.0
9.2,67.0
35.5,83.0
25.7,65.0
28.1,73.0
19.7,49.0
26.0,71.0
19.3,57.0
31.6,53.0
15.3,65.0
23.1,62.0
17.3,69.0
13.7,95.0
21.0,70.0
33.6,61.0
21.5,51.0
36.5,63.0
21.3,90.0
17.7,39.0
24.7,65.0
17.2,66.0
28.3,84.0
15.6,78.0
16.4,57.0
24.9,50.0
31.7,62.0
19.9,88.0
15.5,69.0
12.2,84.0
25.4,56.0
20.0,94.0
21.8,79.0
26.3,46.0
17.4,98.0
15.7,92.0
17.5,64.0
13.1,81.0
15.0,87.0
31.5,87.0
22.6,65.0
22.9,61.0
22.9,41.0
18.2,56.0
25.9,65.0
36.3,47.0
25.2,87.0
25.4,57.0
27.1,61.0
19.9,95.0
34.0,70.0
30.3,64.0
21.8,78.0
15.8,100.0
27.4,51.0
15.5,63.0
17.3,72.0
26.2,98.0
22.0,92.0
31.4,56.0
18.9,63.0
20.0,81.0
13.7,88.0
25.7,67.0
17.4,88.0
22.3,47.0
9.6,71.0
18.3,41.0
25.0,37.0
26.3,89.0
14.2,91.0
17.0,76.0
25.9,57.0
24.4,50.0
17.5,96.0
25.0,93.0
24.0,94.0
27.5,99.0
34.6,66.0
23.4,98.0
22.2,91.0
19.5,68.0
22.5,41.0
18.0,71.0
17.9,78.0
36.8,35.0
24.6,68.0
17.0,83.0
32.5,57.0
32.6,77.0
17.7,80.0
21.7,79.0
29.0,74.0
30.3,27.0
24.6,92.0
27.9,45.0
22.7,64.0
25.7,31.0
19.1,86.0
19.1,84.0
11.8,97.0
14.8,73.0
32.4,62.0
25.2,74.0
27.3,68.0
28.5,75.0
16.2,68.0
15.8,99.0
12.0,90.0
12.6,85.0
12.0,97.0
23.4,57.0
21.8,69.0
14.5,69.0
19.2,100.0
26.9,47.0
27.0,43.0
15.6,97.0
10.0,69.0
15.6,82.0
26.4,51.0
33.7,65.0
14.8,73.0
21.0,35.0
16.8,47.0
35.6,44.0
11.4,71.0
31.9,49.0
28.9,65.0
30.6,39.0
27.4,40.0
13.4,71.0
25.3,79.0
31.9,87.0
27.4,38.0
21.9,75.0
30.7,32.0
40.1,21.0
42.1,20.0
23.3,52.0
24.5,72.0
30.8,83.0
29.3,54.0
21.2,74.0
21.0,80.0
17.2,89.0
22.7,49.0
27.9,71.0
20.4,83.0
34.9,46.0
27.4,94.0
31.4,41.0
21.8,78.0
24.7,92.0
23.1,51.0
30.8,78.0
21.1,88.0
25.1,56.0
19.8,91.0
27.1,90.0
35.2,45.0
26.9,60.0
18.1,52.0
20.0,66.0
26.1,53.0
26.8,65.0
27.6,68.0
30.3,43.0
17.8,57.0
25.7,63.0
24.9,33.0
43.6,31.0
22.3,72.0
19.7,69.0
26.6,83.0
21.1,75.0
29.5,57.0
12.1,77.0
22.0,99.0
21.3,63.0
10.8,97.0
34.3,54.0
29.0,85.0
24.0,66.0
18.8,69.0
21.9,61.0
26.1,96.0
29.0,35.0
15.7,57.0
29.0,75.0
28.2,53.0
33.8,56.0
16.5,90.0
22.2,68.0
12.0,82.0
11.5,88.0
30.7,54.0
6.0,99.0
14.2,90.0
36.1,55.0
21.5,46.0
29.3,66.0
20.9,58.0
15.7,89.0
19.2,80.0
21.9,100.0
31.8,24.0
26.1,89.0
36.2,55.0
17.2,90.0
29.7,82.0
16.9,88.0
31.8,10.0
33.0,60.0
25.6,60.0
25.7,85.0
21.2,88.0
22.1,55.0
19.8,68.0
20.2,76.0
22.9,86.0
17.0,65.0
30.7,75.0
19.5,55.0
11.9,91.0
21.6,62.0
19.9,48.0
31.3,70.0
11.2,99.0
18.6,55.0
13.4,99.0
28.8,73.0
23.6,67.0
13.6,82.0
18.5,97.0
23.9,83.0
15.9,65.0
18.1,100.0
31.4,48.0
21.1,65.0
15.8,77.0
33.5,32.0
12.1,68.0
21.0,84.0
18.5,87.0
25.0,27.0
21.2,76.0
22.2,79.0
18.5,59.0
17.0,87.0
30.1,59.0
14.0,64.0
14.7,63.0
20.5,91.0
17.1,65.0
30.0,68.0
32.2,54.0
14.5,96.0
21.1,59.0
18.6,63.0
19.8,39.0
30.0,66.0
21.8,60.0
18.1,74.0
21.4,65.0
23.5,82.0
34.0,69.0
22.6,67.0
35.1,49.0
31.7,48.0
12.8,100.0
19.7,67.0
31.1,34.0
15.0,94.0
10.9,59.0
21.9,78.0
25.3,81.0
25.9,76.0
28.0,69.0
37.2,28.0
15.4,54.0
14.7,77.0
20.6,91.0
26.5,82.0
23.9,70.0
24.1,81.0
30.9,73.0
16.6,88.0
20.6,53.0
20.9,71.0
19.0,94.0
21.2,57.0
20.0,76.0
14.2,96.0
21.1,56.0
32.5,27.0
28.9,56.0
18.0,89.0
12.4,89.0
15.9,70.0
30.3,83.0
27.8,66.0
24.9,82.0
30.0,73.0
20.7,61.0
16.5,88.0
20.2,68.0
18.5,55.0
20.5,54.0
17.8,91.0
16.4,84.0
32.7,50.0
20.5,79.0
27.3,74.0
24.2,75.0
30.9,70.0
20.4,57.0
28.9,58.0
43.3,34.0
18.9,63.0
25.1,52.0
25.6,23.0
23.0,70.0
19.2,59.0
18.0,64.0
20.3,70.0
25.9,60.0
26.6,57.0
19.3,45.0
33.5,55.0
15.3,57.0
21.6,71.0
24.9,67.0
21.4,83.0
32.2,54.0
19.1,83.0
31.3,72.0
24.6,80.0
18.3,74.0
28.5,37.0
23.3,57.0
23.2,71.0
19.3,96.0
33.5,76.0
28.9,22.0
18.5,86.0
29.8,53.0
36.7,40.0
15.9,96.0
41.9,11.0
20.3,69.0
30.0,59.0
22.7,47.0
21.2,80.0
26.7,64.0
25.2,50.0
22.7,46.0
17.0,74.0
30.3,54.0
18.6,55.0
30.3,84.0
14.7,94.0
27.2,63.0
15.5,99.0
19.4,43.0
28.1,68.0
29.6,54.0
31.7,55.0
21.5,85.0
18.1,88.0
29.9,77.0
14.1,45.0
16.2,91.0
29.7,63.0
25.6,58.0
19.4,62.0
16.6,90.0
24.2,87.0
14.6,65.0
20.9,76.0
30.6,82.0
33.9,62.0
25.5,95.0
38.2,46.0
17.1,55.0
29.2,92.0
21.2,81.0
18.6,45.0
28.5,57.0
16.5,99.0
25.2,63.0
14.3,58.0
14.6,75.0
34.4,35.0
11.2,70.0
24.2,98.0
-0.3,98.0
17.3,79.0
12.5,85.0
17.6,73.0
30.5,52.0
16.0,96.0
20.8,45.0
14.6,69.0
13.2,71.0
23.7,85.0
31.2,54.0
17.7,63.0
22.2,41.0
35.0,9.0
24.6,34.0
33.5,53.0
18.6,68.0
18.8,98.0
19.0,93.0
18.3,71.0
19.1,80.0
13.3,100.0
14.9,100.0
28.9,67.0
18.4,52.0
15.9,99.0
28.2,98.0
33.7,91.0
33.2,80.0
20.0,57.0
19.3,58.0
32.6,35.0
18.0,97.0
19.9,66.0
21.4,49.0
19.7,75.0
16.9,76.0
19.7,71.0
26.1,78.0
13.9,78.0
21.7,57.0
20.1,77.0
16.0,79.0
26.0,81.0
26.5,93.0
16.2,92.0
35.0,56.0
16.7,80.0
31.6,61.0
20.2,74.0
22.4,55.0
24.4,67.0
17.3,98.0
25.9,88.0
27.8,76.0
14.9,99.0
34.9,39.0
32.2,54.0
22.0,80.0
28.6,61.0
29.8,35.0
24.6,40.0
33.6,69.0
16.4,49.0
27.2,58.0
17.9,89.0
29.8,77.0
20.5,60.0
19.5,55.0
24.4,88.0
24.8,68.0
11.4,83.0
22.5,75.0
17.8,86.0
29.4,66.0
33.5,79.0
14.4,89.0
33.6,75.0
21.1,53.0
31.7,84.0
18.2,80.0
28.9,30.0
21.5,99.0
23.7,83.0
21.0,65.0
30.2,82.0
32.4,71.0
38.9,58.0
29.2,79.0
21.7,39.0
32.4,56.0
13.4,100.0
18.2,41.0
26.0,74.0
21.8,50.0
11.5,98.0
30.2,50.0
26.5,77.0
24.1,73.0
19.0,97.0
20.7,86.0
32.3,47.0
16.3,74.0
12.7,72.0
13.8,81.0
23.7,99.0
32.1,76.0
12.4,81.0
13.3,96.0
31.8,74.0
17.2,86.0
29.7,59.0
25.8,73.0
27.4,43.0
29.4,68.0
12.9,90.0
33.5,58.0
11.8,78.0
21.8,72.0
33.6,15.0
20.7,80.0
31.8,52.0
23.4,60.0
16.2,66.0
19.1,93.0
17.1,61.0
12.9,93.0
16.1,73.0
13.4,93.0
26.2,65.0
19.8,67.0
28.6,59.0
16.2,99.0
14.0,100.0
15.8,99.0
16.8,60.0
20.6,55.0
18.9,62.0
27.4,55.0
23.4,76.0
23.8,89.0
27.8,71.0
24.1,83.0
32.0,76.0
35.7,34.0
16.0,66.0
31.5,58.0
22.3,73.0
22.6,69.0
24.5,64.0
27.7,83.0
13.0,95.0
26.4,38.0
35.4,50.0
17.0,99.0
25.8,60.0
33.1,51.0
32.8,32.0
22.9,91.0
25.6,57.0
26.8,73.0
19.5,95.0
16.5,72.0
20.6,52.0
19.2,64.0
23.2,85.0
21.0,88.0
29.4,78.0
13.0,82.0
27.2,84.0
19.7,74.0
20.5,74.0
17.0,72.0
23.3,64.0
27.7,81.0
20.8,64.0
27.5,84.0
20.4,90.0
15.7,100.0
18.9,76.0
32.9,31.0
14.4,90.0
26.4,91.0
14.1,99.0
17.0,82.0
19.4,46.0
25.4,75.0
25.2,63.0
31.9,48.0
17.0,84.0
19.7,56.0
17.2,46.0
30.2,14.0
27.0,60.0
17.8,79.0
19.5,80.0
21.2,48.0
19.5,82.0
18.8,60.0
15.9,65.0
22.2,58.0
24.9,77.0
36.3,15.0
36.2,26.0
12.2,98.0
20.1,73.0
43.5,25.0
15.7,66.0
30.7,68.0
24.4,80.0
17.8,67.0
29.3,77.0
16.7,98.0
24.9,56.0
24.3,60.0
28.7,65.0
30.3,71.0
20.2,46.0
15.8,70.0
22.0,58.0
27.7,98.0
15.0,74.0
27.3,95.0
21.8,81.0
24.7,71.0
20.5,91.0
32.0,67.0
10.9,89.0
26.5,53.0
25.2,72.0
27.5,67.0
13.7,91.0
13.2,89.0
23.4,50.0
34.7,44.0
14.2,50.0
25.2,73.0
18.9,62.0
22.7,65.0
29.3,80.0
14.3,80.0
17.6,48.0
30.5,100.0
18.7,45.0
24.2,96.0
19.8,88.0
9.6,100.0
23.4,86.0
17.3,75.0
28.3,100.0
43.8,9.0
22.0,66.0
22.5,57.0
35.5,36.0
14.9,89.0
24.1,96.0
34.0,69.0
29.3,71.0
17.3,65.0
16.4,75.0
15.8,99.0
43.0,38.0
28.6,66.0
24.2,81.0
15.0,86.0
37.5,28.0
19.0,74.0
23.8,83.0
32.1,63.0
13.9,97.0
19.9,99.0
18.7,59.0
21.3,59.0
17.7,39.0
27.1,72.0
20.9,90.0
25.5,65.0
31.2,62.0
22.2,58.0
17.1,66.0
19.6,87.0
28.8,80.0
31.9,80.0
22.3,64.0
20.4,56.0
29.5,64.0
27.3,38.0
33.8,22.0
21.1,49.0
26.1,95.0
21.7,78.0
18.2,96.0
21.2,99.0
20.1,39.0
19.0,99.0
16.9,52.0
18.6,92.0
32.4,56.0
15.2,91.0
18.2,53.0
24.9,61.0
35.0,36.0
14.0,68.0
24.6,74.0
28.5,15.0
25.6,68.0
30.3,44.0
34.3,60.0
28.9,33.0
24.2,81.0
30.0,92.0
14.2,65.0
14.3,80.0
37.9,20.0
17.9,71.0
36.0,78.0
17.5,80.0
40.3,13.0
38.2,14.0
27.6,65.0
20.3,68.0
17.4,74.0
23.5,85.0
25.5,97.0
19.9,91.0
27.0,86.0
22.3,67.0
25.6,75.0
27.2,77.0
19.2,73.0
22.9,66.0
18.9,98.0
36.6,78.0
25.8,67.0
17.8,98.0
26.6,68.0
19.5,57.0
11.2,95.0
15.2,60.0
29.6,42.0
18.0,53.0
12.6,70.0
32.1,53.0
25.8,82.0
34.8,66.0
23.1,42.0
32.1,100.0
26.9,77.0
33.8,69.0
21.9,87.0
24.4,83.0
17.0,70.0
26.2,84.0
31.5,51.0
10.0,99.0
10.8,78.0
16.7,100.0
14.7,74.0
34.3,46.0
20.9,75.0
25.8,45.0
29.0,48.0
20.9,69.0
24.4,80.0
18.9,70.0
13.3,100.0
22.1,54.0
38.2,66.0
16.8,99.0
27.3,80.0
20.8,97.0
26.2,46.0
25.9,67.0
-0.6,97.0
22.4,66.0
25.8,76.0
32.8,80.0
30.9,83.0
16.9,80.0
23.7,61.0
19.8,73.0
15.7,89.0
26.6,64.0
26.8,99.0
30.3,50.0
36.0,78.0
14.0,99.0
19.4,92.0
17.5,94.0
28.4,42.0
30.0,71.0
24.2,61.0
32.2,11.0
14.1,90.0
21.6,65.0
25.6,49.0
17.7,65.0
15.3,95.0
31.3,76.0
15.9,59.0
33.5,80.0
31.7,58.0
24.8,64.0
14.1,95.0
18.5,84.0
17.4,71.0
15.1,76.0
27.8,66.0
7.8,94.0
20.7,54.0
28.4,92.0
22.5,84.0
20.9,88.0
28.3,68.0
23.2,61.0
23.9,72.0
20.7,70.0
21.9,60.0
27.1,57.0
22.4,52.0
16.2,93.0
25.5,55.0
28.9,21.0
17.1,88.0
21.7,63.0
18.4,85.0
16.9,100.0
20.0,62.0
13.7,85.0
28.7,72.0
27.5,81.0
19.7,53.0
14.2,84.0
25.9,57.0
13.1,93.0
38.2,22.0
19.3,95.0
20.9,78.0
31.4,56.0
18.2,74.0
17.4,72.0
29.9,55.0
29.6,60.0
32.1,64.0
25.1,74.0
17.5,82.0
24.6,63.0
14.9,86.0
32.8,40.0
29.7,75.0
27.0,28.0
36.7,65.0
30.9,62.0
20.6,81.0
15.5,98.0
32.6,89.0
26.1,48.0
30.0,87.0
19.9,60.0
32.7,78.0
19.3,82.0
15.0,72.0
21.2,36.0
19.2,100.0
32.0,62.0
18.5,93.0
17.5,95.0
29.2,57.0
36.3,68.0
17.2,63.0
26.7,36.0
19.2,59.0
31.1,45.0
31.3,21.0
28.5,76.0
34.6,52.0
24.8,68.0
21.6,77.0
17.7,87.0
17.5,61.0
36.9,63.0
31.4,84.0
19.3,72.0
2.4,98.0
23.1,78.0
24.0,73.0
30.0,82.0
24.0,62.0
18.0,70.0
24.2,76.0
25.5,64.0
24.8,65.0
32.6,59.0
17.5,64.0
30.6,72.0
36.3,30.0
22.1,99.0
25.3,81.0
19.5,57.0
37.0,47.0
30.0,27.0
17.3,62.0
22.0,75.0
24.6,66.0
28.7,32.0
20.9,94.0
15.3,79.0
29.7,51.0
22.3,75.0
18.0,85.0
18.7,100.0
26.4,73.0
25.0,62.0
22.1,77.0
26.1,86.0
30.0,84.0
19.6,75.0
28.0,94.0
20.8,74.0
15.6,100.0
19.2,78.0
20.2,63.0
16.5,59.0
23.5,43.0
27.5,18.0
16.1,75.0
22.5,74.0
24.7,60.0
21.9,52.0
20.1,50.0
30.0,91.0
17.5,70.0
18.6,90.0
30.3,65.0
21.2,72.0
30.2,39.0
11.2,86.0
18.6,69.0
13.0,58.0
19.7,91.0
31.2,31.0
15.2,62.0
18.5,75.0
18.9,90.0
25.1,54.0
19.2,59.0
17.2,73.0
25.6,66.0
16.0,56.0
26.0,42.0
26.4,44.0
17.9,61.0
28.3,80.0
20.6,93.0
22.7,75.0
32.9,66.0
28.3,63.0
29.4,56.0
18.1,99.0
21.5,58.0
14.3,41.0
11.7,47.0
22.0,64.0
14.6,88.0
24.7,57.0
10.9,68.0
21.4,60.0
16.2,71.0
13.1,100.0
25.5,80.0
32.4,67.0
33.5,71.0
24.5,67.0
16.2,85.0
28.8,74.0
26.1,48.0
25.5,62.0
28.0,65.0
13.6,64.0
32.9,71.0
22.2,78.0
31.3,52.0
23.8,76.0
32.1,47.0
21.2,91.0
16.8,86.0
21.3,73.0
26.5,68.0
24.9,95.0
19.3,76.0
19.5,83.0
36.8,72.0
9.5,100.0
30.6,83.0
24.1,64.0
32.4,35.0
17.4,80.0
28.8,60.0
28.5,92.0
12.8,82.0
22.5,47.0
18.2,49.0
24.2,58.0
33.8,47.0
14.3,93.0
30.7,39.0
22.5,69.0
27.1,37.0
20.7,73.0
37.6,70.0
22.3,77.0
19.4,78.0
29.4,52.0
33.0,25.0
10.7,78.0
13.8,86.0
17.0,73.0
30.0,71.0
26.7,93.0
13.3,75.0
32.3,83.0
24.6,69.0
28.7,48.0
14.8,87.0
8.7,83.0
34.5,46.0
29.0,57.0
38.6,28.0
28.1,69.0
26.7,62.0
20.9,72.0
25.1,86.0
28.0,41.0
21.5,60.0
19.8,48.0
24.7,62.0
27.3,63.0
23.6,72.0
12.9,98.0
27.1,96.0
32.0,71.0
18.6,82.0
23.2,81.0
13.8,81.0
28.6,62.0
20.4,56.0
23.3,63.0
20.1,87.0
23.4,55.0
21.7,75.0
24.3,43.0
17.1,67.0
28.3,55.0
37.1,23.0
22.2,80.0
21.8,80.0
31.2,78.0
25.0,63.0
31.3,75.0
14.8,92.0
19.3,60.0
20.3,70.0
23.2,55.0
34.2,67.0
18.0,56.0
25.1,73.0
13.3,83.0
15.5,55.0
17.0,58.0
18.1,58.0
26.5,58.0
26.6,51.0
30.1,83.0
19.8,56.0
13.0,84.0
18.7,64.0
20.2,54.0
23.4,66.0
28.8,60.0
13.5,86.0
15.1,90.0
28.8,70.0
23.8,80.0
22.2,81.0
15.1,71.0
12.3,90.0
19.7,58.0
20.6,54.0
22.0,59.0
21.4,86.0
19.2,75.0
25.0,64.0
20.1,96.0
24.0,56.0
13.2,87.0
38.6,16.0
31.8,78.0
24.0,43.0
16.5,53.0
23.4,72.0
14.3,92.0
15.2,50.0
33.0,38.0
25.3,56.0
21.0,99.0
27.7,56.0
11.7,73.0
26.3,64.0
35.9,46.0
25.6,29.0
34.2,21.0
40.8,26.0
17.4,58.0
19.3,59.0
42.5,46.0
22.3,60.0
31.3,63.0
31.6,60.0
23.4,49.0
13.8,99.0
17.4,61.0
20.4,75.0
23.4,90.0
18.8,100.0
17.7,82.0
2.1,98.0
31.6,48.0
30.3,44.0
23.2,80.0
18.4,89.0
23.0,69.0
38.7,48.0
25.5,72.0
24.4,83.0
30.2,87.0
27.8,80.0
26.7,40.0
18.3,41.0
36.2,31.0
22.4,72.0
17.6,62.0
32.7,52.0
24.5,63.0
22.2,83.0
12.7,91.0
22.5,99.0
32.5,71.0
21.5,64.0
16.3,80.0
21.8,49.0
39.0,34.0
19.2,70.0
29.9,66.0
39.1,35.0
14.2,98.0
25.7,66.0
23.2,67.0
26.5,53.0
9.1,99.0
26.9,95.0
23.2,72.0
21.0,66.0
25.7,79.0
19.6,79.0
28.7,36.0
15.9,79.0
27.3,23.0
31.3,51.0
21.6,100.0
26.8,81.0
19.7,67.0
23.2,97.0
19.5,87.0
30.1,17.0
25.1,64.0
31.7,30.0
28.6,83.0
15.8,81.0
14.2,92.0
37.8,60.0
22.3,57.0
29.3,81.0
26.4,56.0
24.2,65.0
24.1,65.0
22.1,42.0
20.9,74.0
23.4,67.0
20.2,70.0
26.8,72.0
24.6,80.0
21.1,77.0
31.2,68.0
22.6,64.0
19.6,92.0
30.0,98.0
20.8,55.0
18.5,94.0
20.1,48.0
19.5,88.0
17.4,71.0
29.0,32.0
20.5,100.0
23.5,63.0
15.3,100.0
18.5,79.0
31.2,49.0
19.0,59.0
19.9,71.0
14.1,80.0
36.0,55.0
29.9,55.0
28.8,73.0
27.7,79.0
21.5,43.0
19.3,87.0
32.6,76.0
15.4,95.0
38.4,37.0
26.1,81.0
24.8,74.0
35.9,35.0
18.7,77.0
24.4,48.0
27.1,38.0
34.6,44.0
32.0,69.0
22.5,89.0
25.4,95.0
23.5,95.0
14.0,97.0
31.5,65.0
36.6,48.0
38.6,76.0
26.6,80.0
32.4,79.0
33.9,66.0
30.9,36.0
35.7,52.0
23.1,61.0
17.9,54.0
17.8,94.0
14.5,66.0
26.8,42.0
19.6,81.0
18.9,64.0
19.8,71.0
27.8,74.0
27.2,99.0
35.8,54.0
20.2,71.0
34.9,37.0
16.8,54.0
15.9,43.0
18.2,87.0
29.9,66.0
30.3,51.0
20.6,47.0
19.0,65.0
22.1,50.0
14.7,86.0
26.2,49.0
27.1,73.0
23.5,93.0
16.4,75.0
31.6,39.0
20.8,65.0
39.2,41.0
26.1,91.0
36.1,48.0
30.4,46.0
18.0,87.0
24.8,69.0
19.8,43.0
15.0,100.0
20.5,64.0
17.9,66.0
24.8,41.0
13.5,87.0
13.0,70.0
31.1,65.0
25.2,51.0
27.0,78.0
14.3,99.0
20.0,69.0
14.2,99.0
18.9,63.0
28.1,68.0
28.2,56.0
18.7,91.0
31.5,93.0
19.0,96.0
17.4,71.0
28.8,54.0
25.6,78.0
19.2,98.0
21.8,95.0
16.2,66.0
36.5,65.0
17.4,100.0
25.7,95.0
18.8,91.0
24.8,94.0
20.4,61.0
16.2,89.0
31.9,69.0
18.2,71.0
9.2,99.0
13.3,71.0
16.6,62.0
27.2,27.0
17.1,68.0
32.4,74.0
27.4,33.0
27.3,63.0
16.3,57.0
24.4,65.0
15.7,84.0
24.0,74.0
27.0,47.0
32.0,53.0
36.3,48.0
13.3,78.0
30.1,58.0
32.0,43.0
27.6,48.0
29.2,58.0
15.3,89.0
26.6,50.0
21.1,58.0
13.2,96.0
22.6,81.0
24.8,65.0
13.8,94.0
14.0,81.0
23.3,51.0
31.7,66.0
18.7,95.0
23.8,85.0
40.8,71.0
5.9,95.0
27.7,90.0
25.9,39.0
29.3,96.0
9.0,89.0
16.2,97.0
14.2,93.0
22.9,68.0
25.8,56.0
32.3,75.0
31.1,49.0
28.8,65.0
11.8,68.0
36.1,60.0
26.3,56.0
34.8,64.0
22.1,40.0
39.1,47.0
15.5,98.0
26.7,96.0
11.2,85.0
26.1,92.0
21.6,94.0
29.7,26.0
23.4,41.0
16.6,84.0
25.5,48.0
23.9,61.0
24.9,71.0
30.3,70.0
23.6,27.0
13.9,99.0
13.2,98.0
17.3,64.0
17.2,76.0
16.6,69.0
32.1,66.0
25.3,30.0
16.8,75.0
21.4,94.0
13.2,98.0
26.8,79.0
14.1,85.0
15.1,98.0
19.3,91.0
20.4,90.0
15.1,58.0
32.9,79.0
28.5,47.0
25.0,100.0
23.0,41.0
26.1,75.0
21.0,55.0
25.4,55.0
12.4,97.0
31.3,76.0
30.8,62.0
17.3,83.0
19.1,72.0
25.7,65.0
18.8,86.0
24.0,52.0
17.3,60.0
18.5,85.0
33.3,77.0
28.1,79.0
22.4,70.0
35.2,60.0
28.4,68.0
32.9,73.0
25.8,61.0
26.0,98.0
34.2,62.0
18.9,89.0
21.5,65.0
18.7,94.0
20.0,61.0
23.1,74.0
13.7,72.0
33.8,27.0
26.9,52.0
31.3,62.0
12.0,99.0
17.0,99.0
15.0,79.0
42.6,21.0
17.8,100.0
33.8,67.0
21.5,87.0
15.9,88.0
35.6,57.0
13.7,98.0
27.7,56.0
25.9,57.0
13.5,85.0
13.3,86.0
13.9,94.0
13.2,68.0
13.1,85.0
11.6,77.0
21.6,28.0
33.8,50.0
16.4,91.0
29.1,75.0
24.4,58.0
14.9,64.0
21.7,41.0
34.6,56.0
17.5,77.0
32.8,27.0
18.4,42.0
15.4,59.0
28.6,40.0
16.7,97.0
41.0,13.0
15.3,91.0
27.2,65.0
20.3,75.0
16.5,56.0
26.1,79.0
16.1,94.0
17.4,81.0
26.0,75.0
32.1,42.0
31.7,64.0
32.7,69.0
18.8,76.0
27.4,77.0
22.2,51.0
35.5,32.0
16.0,71.0
16.0,57.0
22.9,39.0
26.6,47.0
33.0,59.0
33.8,61.0
33.3,70.0
25.2,69.0
18.9,79.0
26.8,87.0
29.7,85.0
19.5,73.0
11.3,89.0
24.9,65.0
24.1,78.0
21.8,66.0
30.9,17.0
21.3,33.0
15.5,92.0
34.7,92.0
16.1,50.0
21.7,64.0
12.9,77.0
10.4,82.0
23.1,77.0
21.1,48.0
19.4,88.0
31.3,64.0
24.0,64.0
15.1,85.0
15.0,69.0
29.9,83.0
38.5,50.0
21.7,59.0
26.6,70.0
33.0,82.0
24.8,90.0
26.0,95.0
19.0,81.0
19.0,55.0
30.6,58.0
19.1,62.0
15.5,95.0
20.5,96.0
17.3,54.0
14.3,90.0
19.4,88.0
28.1,43.0
19.1,88.0
22.8,70.0
13.7,84.0
32.2,24.0
32.9,50.0
18.6,72.0
21.0,66.0
37.3,10.0
19.3,80.0
22.0,65.0
17.2,91.0
25.8,86.0
29.0,40.0
30.9,76.0
14.1,90.0
21.4,80.0
19.8,99.0
10.6,81.0
11.3,71.0
36.4,41.0
29.4,19.0
15.0,100.0
25.6,65.0
29.3,56.0
21.3,72.0
30.2,80.0
20.3,65.0
24.0,70.0
20.3,71.0
10.8,98.0
16.8,87.0
26.6,66.0
23.9,81.0
15.8,57.0
30.2,47.0
19.8,72.0
19.6,90.0
22.7,87.0
30.0,45.0
31.4,59.0
14.3,77.0
19.3,79.0
18.9,90.0
15.7,96.0
12.8,68.0
13.1,98.0
30.4,84.0
11.8,100.0
17.4,89.0
31.6,32.0
25.3,68.0
26.2,51.0
23.2,79.0
28.5,63.0
34.0,67.0
22.9,95.0
31.5,68.0
34.3,46.0
27.8,73.0
19.9,38.0
16.2,59.0
27.6,86.0
38.6,59.0
18.7,68.0
30.7,31.0
27.4,88.0
13.1,99.0
13.6,94.0
32.3,33.0
28.0,72.0
17.1,66.0
23.6,74.0
26.7,70.0
23.0,55.0
13.5,93.0
12.9,54.0
35.0,76.0
19.0,71.0
30.9,75.0
16.3,85.0
25.1,47.0
18.7,70.0
1.6,87.0
17.6,80.0
17.9,67.0
29.9,77.0
12.6,60.0
20.1,63.0
27.3,61.0
24.1,70.0
19.0,65.0
15.5,88.0
24.2,78.0
30.4,46.0
27.3,69.0
20.1,72.0
29.4,40.0
26.1,72.0
21.4,60.0
17.5,92.0
29.3,75.0
33.6,23.0
36.2,75.0
27.8,52.0
29.9,60.0
26.4,80.0
30.0,49.0
25.2,65.0
12.3,100.0
18.7,63.0
22.3,45.0
25.0,73.0
20.3,55.0
20.5,81.0
25.9,57.0
19.1,87.0
12.5,74.0
20.3,91.0
27.9,58.0
21.1,59.0
16.4,56.0
19.5,57.0
21.2,65.0
18.4,68.0
13.7,88.0
22.5,66.0
26.4,55.0
22.6,62.0
25.5,57.0
22.6,64.0
15.1,99.0
37.6,22.0
16.4,82.0
29.0,42.0
19.9,82.0
25.4,80.0
26.3,56.0
24.8,87.0
18.7,75.0
25.3,51.0
35.0,82.0
35.1,43.0
24.5,87.0
17.0,91.0
20.9,88.0
21.5,58.0
22.3,77.0
34.1,86.0
18.3,68.0
36.6,64.0
13.0,98.0
15.3,78.0
17.4,72.0
18.5,68.0
24.1,65.0
24.1,70.0
24.0,67.0
25.2,81.0
30.4,59.0
22.9,34.0
21.8,56.0
20.4,46.0
20.4,57.0
30.0,73.0
33.2,63.0
29.9,100.0
19.3,98.0
21.6,83.0
26.9,50.0
19.9,99.0
32.7,43.0
29.3,55.0
41.6,43.0
30.6,64.0
35.2,11.0
26.3,64.0
30.9,64.0
32.6,50.0
13.9,90.0
23.7,61.0
17.2,98.0
33.0,76.0
26.1,59.0
26.7,75.0
15.4,66.0
32.0,47.0
13.9,100.0
19.6,78.0
16.4,69.0
33.9,36.0
24.8,75.0
19.3,61.0
29.6,74.0
37.1,39.0
22.9,44.0
26.7,65.0
33.9,33.0
28.3,66.0
32.7,73.0
32.9,69.0
22.6,56.0
31.5,52.0
13.4,99.0
30.5,56.0
21.6,68.0
35.2,52.0
13.3,78.0
16.7,53.0
25.7,100.0
20.4,50.0
12.9,87.0
26.4,80.0
16.6,61.0
27.6,65.0
11.3,99.0
26.3,52.0
21.2,54.0
25.7,76.0
31.4,32.0
20.4,77.0
16.5,86.0
24.7,48.0
15.4,96.0
11.4,97.0
25.4,85.0
12.9,80.0
18.3,79.0
33.8,41.0
19.6,43.0
22.5,53.0
31.8,64.0
29.2,85.0
33.9,56.0
14.2,99.0
21.6,60.0
20.5,69.0
27.8,93.0
36.7,65.0
21.7,58.0
16.9,77.0
13.8,100.0
16.1,75.0
23.0,68.0
26.0,40.0
13.6,57.0
21.3,84.0
28.0,45.0
22.7,92.0
19.3,77.0
9.4,99.0
3.1,97.0
25.2,97.0
15.9,84.0
20.9,74.0
24.9,71.0
18.7,80.0
13.0,99.0
32.2,64.0
23.7,80.0
16.9,100.0
15.8,93.0
27.6,58.0
18.6,78.0
24.8,83.0
16.0,84.0
8.4,87.0
23.8,18.0
26.1,96.0
20.9,59.0
28.2,65.0
20.4,45.0
17.9,59.0
9.0,90.0
23.3,75.0
20.2,88.0
22.2,82.0
27.2,38.0
15.3,67.0
29.8,44.0
27.3,75.0
19.1,69.0
17.5,54.0
27.4,51.0
19.9,36.0
18.2,62.0
17.9,92.0
28.4,63.0
37.3,54.0
36.5,18.0
21.5,78.0
35.7,48.0
13.3,68.0
32.8,61.0
16.6,91.0
20.0,62.0
27.4,87.0
27.0,32.0
28.0,78.0
25.5,64.0
17.2,84.0
36.9,43.0
22.8,78.0
22.9,81.0
20.4,81.0
13.1,82.0
29.3,72.0
12.8,82.0
26.3,84.0
32.5,55.0
18.3,68.0
21.6,99.0
17.8,99.0
29.3,51.0
29.8,83.0
16.9,98.0
16.7,84.0
29.8,41.0
33.7,89.0
19.1,74.0
21.6,73.0
38.9,68.0
26.7,63.0
20.3,94.0
23.8,98.0
20.5,52.0
23.1,56.0
23.9,61.0
21.4,45.0
27.8,47.0
35.5,74.0
25.7,56.0
29.3,87.0
22.6,85.0
11.7,99.0
28.9,36.0
16.5,93.0
24.5,45.0
17.5,58.0
22.9,71.0
18.4,49.0
21.2,29.0
27.6,70.0
33.3,81.0
21.0,90.0
19.8,73.0
32.6,77.0
11.3,89.0
35.2,59.0
22.2,60.0
31.4,67.0
27.9,42.0
20.3,86.0
19.1,54.0
20.4,42.0
27.0,78.0
13.1,85.0
18.2,80.0
40.5,57.0
21.6,80.0
38.2,54.0
37.4,36.0
34.5,52.0
19.3,87.0
14.8,87.0
17.4,74.0
27.8,67.0
24.7,89.0
32.4,44.0
20.2,75.0
18.3,72.0
17.2,67.0
22.4,68.0
32.3,70.0
16.3,77.0
19.0,87.0
26.1,89.0
10.9,75.0
14.0,69.0
32.0,74.0
13.1,59.0
12.1,86.0
32.2,65.0
21.9,71.0
28.9,59.0
37.3,38.0
21.5,72.0
27.1,67.0
33.5,24.0
27.0,92.0
23.0,62.0
35.2,31.0
16.3,99.0
42.4,21.0
20.3,58.0
21.1,54.0
28.5,55.0
13.7,74.0
17.5,49.0
14.0,84.0
21.2,56.0
28.6,78.0
26.3,76.0
18.0,89.0
16.5,73.0
31.6,56.0
30.8,64.0
25.8,82.0
27.7,34.0
25.7,77.0
14.5,97.0
14.4,100.0
27.0,71.0
16.4,94.0
32.5,30.0
4.4,98.0
22.0,29.0
20.5,45.0
29.3,40.0
23.0,93.0
25.1,65.0
14.1,90.0
23.3,55.0
31.3,64.0
36.8,52.0
28.3,57.0
20.9,64.0
16.9,58.0
21.0,77.0
21.1,72.0
37.5,82.0
31.3,63.0
31.5,25.0
16.3,79.0
29.5,14.0
25.9,52.0
21.9,75.0
27.0,74.0
21.5,82.0
27.4,83.0
30.4,61.0
18.3,62.0
21.2,72.0
23.6,83.0
20.8,58.0
23.4,64.0
30.2,48.0
33.7,80.0
15.9,30.0
17.9,51.0
13.8,79.0
23.3,62.0
18.0,73.0
31.1,56.0
26.7,99.0
20.8,66.0
28.6,51.0
23.4,47.0
23.2,65.0
14.6,94.0
35.4,28.0
25.3,47.0
26.7,83.0
23.1,62.0
19.6,70.0
20.0,91.0
30.9,72.0
15.6,92.0
37.2,2.0
22.5,53.0
14.8,95.0
14.9,88.0
30.8,51.0
20.0,65.0
17.7,64.0
20.5,91.0
13.2,87.0
13.3,89.0
15.2,99.0
15.9,93.0
19.9,100.0
26.4,54.0
13.5,87.0
14.2,85.0
23.7,57.0
38.2,28.0
20.7,80.0
26.6,83.0
24.0,66.0
23.5,92.0
18.0,68.0
22.1,57.0
26.0,75.0
29.6,75.0
28.9,61.0
19.4,94.0
24.0,82.0
15.4,95.0
19.2,93.0
30.0,40.0
15.3,82.0
21.8,84.0
25.0,37.0
25.8,81.0
15.9,91.0
14.9,99.0
32.0,73.0
37.8,24.0
25.1,100.0
20.3,74.0
20.7,96.0
22.2,65.0
16.6,78.0
16.9,50.0
36.9,73.0
36.2,72.0
21.3,75.0
22.5,80.0
18.6,68.0
23.2,84.0
31.2,63.0
20.3,88.0
24.9,58.0
14.3,94.0
18.9,83.0
11.4,95.0
24.0,63.0
33.9,38.0
30.4,44.0
25.1,72.0
20.4,87.0
36.4,34.0
21.3,99.0
27.7,65.0
11.8,86.0
21.6,67.0
4.7,96.0
19.6,39.0
27.9,78.0
32.8,62.0
28.8,67.0
17.3,60.0
24.4,91.0
25.1,72.0
27.3,50.0
27.0,67.0
25.8,81.0
19.1,32.0
36.5,38.0
37.1,44.0
24.6,77.0
26.0,56.0
25.2,84.0
10.8,99.0
32.0,75.0
24.5,58.0
18.3,74.0
29.3,52.0
18.1,99.0
20.3,84.0
21.4,78.0
25.0,80.0
27.9,63.0
20.6,78.0
15.0,77.0
20.4,85.0
28.0,78.0
18.2,69.0
29.6,81.0
26.7,55.0
30.0,70.0
20.6,70.0
30.4,61.0
20.7,59.0
35.5,80.0
14.4,98.0
15.3,71.0
31.7,44.0
27.3,57.0
21.5,58.0
19.6,44.0
28.4,57.0
17.5,78.0
29.8,56.0
29.1,74.0
26.8,67.0
23.4,77.0
21.4,86.0
27.5,94.0
22.0,65.0
33.2,55.0
20.3,72.0
20.1,71.0
36.6,23.0
18.6,74.0
17.6,45.0
26.6,40.0
25.1,69.0
18.3,78.0
21.7,53.0
18.0,50.0
20.4,39.0
31.0,42.0
19.2,59.0
15.4,89.0
14.7,99.0
26.2,80.0
31.8,39.0
17.8,93.0
25.4,76.0
20.2,71.0
29.6,47.0
26.7,37.0
14.2,84.0
36.6,67.0
22.6,65.0
13.4,74.0
23.6,57.0
13.2,99.0
22.0,34.0
33.8,76.0
20.1,69.0
29.4,72.0
19.6,77.0
26.7,44.0
25.4,99.0
20.1,84.0
23.2,53.0
35.9,51.0
15.5,79.0
19.3,99.0
24.5,74.0
9.6,99.0
18.7,99.0
21.6,71.0
15.0,87.0
18.5,67.0
13.8,80.0
24.0,83.0
28.2,86.0
20.1,96.0
14.5,97.0
27.0,60.0
19.7,61.0
16.2,77.0
16.4,64.0
21.8,63.0
15.1,74.0
18.7,88.0
23.7,66.0
28.3,44.0
6.6,64.0
19.1,89.0
26.0,57.0
38.5,12.0
21.7,64.0
17.1,97.0
27.6,81.0
21.0,65.0
21.4,73.0
24.3,56.0
17.9,63.0
18.2,67.0
27.2,74.0
31.3,61.0
26.6,65.0
30.0,48.0
18.1,76.0
13.7,81.0
6.5,96.0
29.2,72.0
28.5,44.0
28.3,84.0
24.4,74.0
26.9,58.0
17.6,91.0
18.5,100.0
4.0,94.0
19.5,70.0
36.3,48.0
20.6,39.0
17.6,70.0
25.5,68.0
36.1,64.0
19.3,66.0
14.9,27.0
36.1,61.0
21.4,58.0
38.0,18.0
17.3,50.0
18.2,63.0
33.4,70.0
13.9,79.0
30.4,99.0
23.6,80.0
16.9,87.0
16.9,87.0
13.6,66.0
13.9,99.0
20.0,58.0
37.8,16.0
28.2,62.0
14.7,97.0
23.7,94.0
24.3,73.0
30.9,78.0
14.9,88.0
19.2,83.0
23.2,82.0
23.9,38.0
17.3,80.0
23.2,75.0
29.3,65.0
21.7,79.0
16.2,82.0
38.0,14.0
31.8,48.0
15.9,81.0
16.9,97.0
20.0,99.0
29.7,55.0
35.6,59.0
10.5,94.0
18.0,77.0
32.7,66.0
17.0,77.0
27.6,62.0
32.3,79.0
15.6,71.0
18.1,82.0
17.9,90.0
18.5,93.0
26.1,62.0
20.3,59.0
18.8,98.0
31.0,60.0
13.2,93.0
21.2,59.0
16.7,55.0
22.6,85.0
21.4,70.0
29.3,71.0
33.0,67.0
21.3,94.0
21.7,74.0
14.9,81.0
32.1,52.0
17.4,70.0
29.8,46.0
15.1,100.0
16.7,97.0
24.5,70.0
33.6,81.0
23.9,46.0
34.3,64.0
23.2,53.0
22.3,77.0
28.8,96.0
24.4,51.0
21.2,73.0
12.8,100.0
16.0,96.0
9.9,99.0
28.4,62.0
28.2,65.0
20.5,90.0
13.2,73.0
36.6,70.0
21.6,71.0
26.7,53.0
26.8,67.0
19.8,89.0
15.4,93.0
25.0,55.0
36.7,29.0
28.4,72.0
18.3,89.0
28.7,79.0
29.6,73.0
16.3,70.0
19.9,64.0
13.7,85.0
21.4,79.0
24.5,73.0
19.2,96.0
15.6,57.0
21.2,63.0
34.0,61.0
22.0,54.0
13.4,85.0
26.7,66.0
23.4,66.0
31.6,33.0
25.8,72.0
14.8,72.0
25.6,79.0
17.4,92.0
29.1,80.0
24.0,55.0
26.9,82.0
30.5,82.0
16.8,65.0
17.9,73.0
27.2,39.0
27.9,59.0
27.1,79.0
21.2,68.0
21.9,47.0
28.3,63.0
7.9,100.0
30.7,51.0
19.5,67.0
37.9,20.0
27.1,58.0
22.5,29.0
23.2,60.0
27.5,58.0
17.9,98.0
23.7,66.0
22.4,71.0
26.3,31.0
32.0,47.0
27.6,28.0
28.8,50.0
23.6,60.0
13.4,53.0
30.9,74.0
22.1,57.0
18.3,76.0
32.2,71.0
19.6,75.0
20.6,69.0
26.7,68.0
18.7,75.0
25.4,50.0
25.7,71.0
18.6,74.0
27.9,73.0
16.3,99.0
6.9,98.0
32.5,80.0
29.2,63.0
26.6,75.0
39.6,35.0
16.8,54.0
20.4,70.0
27.0,75.0
21.9,55.0
20.5,75.0
29.2,54.0
18.4,60.0
13.0,97.0
22.2,72.0
41.7,18.0
20.9,96.0
17.1,81.0
16.0,45.0
10.9,98.0
17.0,54.0
32.0,48.0
25.7,98.0
28.8,87.0
14.5,100.0
18.2,85.0
24.2,88.0
19.7,82.0
34.1,49.0
32.9,69.0
28.9,38.0
34.3,79.0
17.9,75.0
21.1,70.0
28.4,59.0
26.2,35.0
23.3,53.0
25.1,67.0
18.3,64.0
29.9,62.0
27.1,49.0
22.3,81.0
23.8,69.0
27.0,94.0
35.0,69.0
18.1,70.0
24.6,83.0
15.5,98.0
17.1,64.0
23.0,92.0
22.9,68.0
22.3,65.0
30.2,70.0
28.3,60.0
16.6,52.0
20.7,65.0
24.8,72.0
14.5,78.0
33.5,9.0
26.3,100.0
29.0,68.0
31.1,49.0
14.2,96.0
36.6,29.0
15.1,80.0
24.7,39.0
19.1,64.0
30.0,45.0
24.1,62.0
29.2,52.0
25.2,52.0
24.9,88.0
16.2,97.0
41.3,23.0
26.9,76.0
18.1,95.0
12.4,61.0
13.9,84.0
14.4,64.0
14.7,77.0
18.0,74.0
13.3,93.0
17.5,79.0
42.5,18.0
23.4,69.0
19.9,76.0
25.1,62.0
25.6,51.0
23.5,92.0
32.5,67.0
17.6,81.0
26.6,79.0
19.2,48.0
14.4,78.0
29.5,59.0
19.0,63.0
27.4,81.0
21.9,90.0
21.5,98.0
14.6,75.0
20.9,73.0
32.3,65.0
20.0,95.0
32.8,35.0
13.8,89.0
15.5,33.0
20.5,65.0
14.4,83.0
15.7,83.0
26.8,33.0
16.0,61.0
25.6,91.0
31.4,59.0
31.9,64.0
12.8,91.0
18.8,67.0
18.0,54.0
14.7,74.0
28.4,75.0
17.5,49.0
21.5,71.0
14.4,74.0
18.0,84.0
23.2,62.0
17.0,90.0
22.7,86.0
24.8,70.0
34.3,41.0
28.6,52.0
25.8,96.0
24.4,61.0
22.0,54.0
0.3,88.0
24.6,31.0
28.5,64.0
19.4,70.0
26.0,63.0
28.8,69.0
28.6,43.0
22.4,99.0
16.8,92.0
22.7,75.0
31.9,66.0
34.3,39.0
17.0,76.0
28.5,66.0
26.2,69.0
21.1,61.0
31.1,39.0
15.2,97.0
16.7,84.0
25.6,67.0
30.1,70.0
20.9,74.0
24.6,72.0
20.8,77.0
28.1,83.0
17.0,80.0
13.7,94.0
25.4,74.0
24.9,50.0
26.3,93.0
16.5,85.0
22.9,58.0
16.4,43.0
23.7,47.0
26.5,71.0
26.5,78.0
25.5,56.0
18.9,71.0
32.7,58.0
23.6,74.0
24.2,78.0
36.7,59.0
30.1,93.0
41.0,26.0
42.9,43.0
15.1,63.0
28.0,63.0
5.2,98.0
28.7,62.0
1.7,98.0
18.0,93.0
24.3,72.0
31.5,52.0
16.8,91.0
22.5,59.0
36.9,63.0
26.2,90.0
30.9,85.0
21.6,54.0
21.2,68.0
18.5,100.0
16.2,90.0
14.3,85.0
37.3,13.0
24.9,47.0
15.7,100.0
35.6,43.0
12.1,81.0
24.6,83.0
31.9,73.0
19.4,87.0
23.4,86.0
24.2,68.0
22.0,70.0
12.5,71.0
21.8,53.0
25.1,66.0
28.5,62.0
16.9,77.0
26.8,75.0
12.6,95.0
29.4,46.0
20.9,39.0
30.9,53.0
21.4,67.0
21.0,83.0
23.8,39.0
18.5,93.0
21.0,66.0
36.2,56.0
32.6,43.0
21.7,81.0
25.6,67.0
23.8,95.0
27.3,91.0
24.2,69.0
17.1,71.0
21.3,93.0
24.4,74.0
18.9,66.0
19.5,82.0
30.2,58.0
20.0,81.0
28.2,81.0
23.4,84.0
24.5,81.0
21.2,71.0
18.1,80.0
20.3,77.0
26.9,81.0
22.8,83.0
37.3,51.0
12.3,80.0
32.8,91.0
17.7,90.0
26.5,67.0
23.5,86.0
23.0,91.0
30.7,78.0
26.7,67.0
21.6,82.0
10.5,83.0
28.0,89.0
20.0,97.0
20.8,60.0
24.6,78.0
40.5,65.0
24.8,48.0
16.0,78.0
15.8,62.0
14.4,93.0
25.8,81.0
27.0,80.0
16.6,97.0
17.2,65.0
27.6,56.0
21.8,54.0
15.3,90.0
22.6,51.0
37.7,17.0
42.6,17.0
38.7,56.0
25.2,52.0
29.8,59.0
25.1,57.0
28.4,73.0
19.9,71.0
20.9,76.0
26.5,62.0
24.4,46.0
14.9,72.0
14.8,78.0
19.6,73.0
24.1,47.0
30.2,74.0
26.8,84.0
27.3,100.0
17.5,97.0
18.8,53.0
31.5,16.0
23.5,57.0
19.6,64.0
31.7,67.0
36.1,22.0
20.7,57.0
29.5,55.0
19.0,77.0
30.7,20.0
17.1,56.0
29.5,60.0
32.8,61.0
33.2,62.0
4.5,35.0
21.6,38.0
23.0,94.0
27.8,67.0
33.3,63.0
34.3,65.0
33.8,44.0
22.1,76.0
5.3,98.0
29.9,55.0
19.8,99.0
15.2,87.0
39.9,52.0
15.5,92.0
21.7,65.0
12.4,99.0
28.4,88.0
23.8,80.0
32.6,50.0
26.8,59.0
15.4,72.0
15.8,65.0
12.8,73.0
21.8,62.0
16.4,100.0
20.1,79.0
26.8,24.0
26.2,81.0
26.9,37.0
31.1,38.0
26.6,53.0
18.0,44.0
14.4,99.0
7.5,84.0
22.1,76.0
20.7,59.0
18.7,66.0
16.3,99.0
17.2,75.0
29.1,16.0
18.0,82.0
26.4,44.0
25.8,86.0
24.5,54.0
21.9,63.0
24.0,82.0
16.1,73.0
15.9,74.0
27.7,87.0
34.7,63.0
21.2,74.0
16.1,69.0
18.3,78.0
20.1,79.0
14.5,67.0
32.0,93.0
13.2,85.0
30.4,79.0
21.8,78.0
16.7,91.0
27.7,89.0
17.3,77.0
27.5,83.0
31.8,78.0
28.9,81.0
13.6,95.0
25.8,70.0
27.4,75.0
33.2,82.0
11.5,65.0
29.7,56.0
39.9,31.0
29.2,43.0
14.9,95.0
26.2,51.0
22.3,100.0
30.4,56.0
33.3,49.0
29.4,57.0
20.8,74.0
11.3,80.0
14.3,74.0
19.3,93.0
20.1,56.0
34.2,86.0
19.9,96.0
15.2,81.0
24.1,80.0
34.3,58.0
22.7,79.0
17.1,85.0
27.4,93.0
20.3,82.0
18.3,67.0
17.9,63.0
15.8,56.0
27.7,46.0
24.3,67.0
9.8,90.0
21.0,89.0
25.1,56.0
12.9,83.0
25.3,72.0
18.0,100.0
17.6,52.0
17.5,100.0
18.6,62.0
22.4,78.0
18.8,100.0
20.4,63.0
29.9,66.0
36.5,26.0
28.0,68.0
27.9,100.0
14.9,67.0
13.6,64.0
38.1,44.0
14.0,100.0
17.9,75.0
35.6,36.0
12.7,81.0
14.4,82.0
24.1,48.0
20.8,80.0
30.0,51.0
15.5,80.0
29.0,28.0
23.2,61.0
17.2,66.0
12.5,47.0
18.5,79.0
20.5,74.0
21.3,71.0
26.7,59.0
18.6,78.0
34.0,58.0
17.4,54.0
24.6,44.0
25.9,75.0
33.9,62.0
17.0,68.0
17.9,52.0
18.8,56.0
16.1,73.0
39.9,25.0
30.2,73.0
20.0,86.0
29.7,82.0
20.0,66.0
25.7,54.0
33.8,77.0
22.5,48.0
32.8,39.0
18.8,59.0
28.4,62.0
33.9,53.0
22.7,50.0
30.0,42.0
20.1,64.0
32.9,71.0
22.8,35.0
30.2,51.0
16.2,77.0
26.6,66.0
26.5,66.0
25.6,91.0
22.6,52.0
28.2,75.0
26.5,88.0
31.8,54.0
30.6,69.0
21.2,49.0
26.2,59.0
22.0,65.0
9.9,82.0
24.5,75.0
20.9,75.0
26.3,67.0
15.7,99.0
27.6,74.0
32.5,48.0
18.2,76.0
19.1,65.0
11.7,100.0
27.9,40.0
14.5,99.0
20.9,53.0
24.6,41.0
22.6,58.0
11.8,77.0
13.8,91.0
21.7,81.0
31.9,76.0
16.8,100.0
20.2,77.0
16.1,77.0
22.5,44.0
15.7,52.0
22.9,52.0
20.3,49.0
37.3,20.0
29.2,63.0
14.9,86.0
22.8,98.0
23.3,74.0
15.2,95.0
28.9,53.0
30.7,66.0
28.3,78.0
31.5,50.0
18.1,73.0
18.1,87.0
20.0,87.0
14.1,99.0
11.3,91.0
23.6,99.0
25.1,53.0
18.9,96.0
31.5,58.0
25.0,92.0
35.1,33.0
19.5,87.0
15.6,70.0
37.2,57.0
22.2,99.0
21.0,70.0
21.5,90.0
25.1,75.0
18.4,73.0
33.2,47.0
23.6,86.0
24.2,73.0
29.9,82.0
13.8,64.0
20.5,60.0
31.1,66.0
32.0,65.0
40.0,31.0
40.0,27.0
34.6,67.0
25.6,53.0
14.0,81.0
12.0,69.0
25.5,82.0
26.0,75.0
27.1,39.0
19.9,53.0
20.4,74.0
28.9,68.0
23.9,58.0
18.0,79.0
30.5,80.0
18.8,60.0
24.4,65.0
18.1,70.0
25.0,57.0
37.7,24.0
19.8,93.0
24.6,44.0
27.7,83.0
19.4,61.0
22.5,38.0
9.3,98.0
25.8,75.0
24.2,36.0
10.3,82.0
24.2,73.0
42.5,70.0
25.2,67.0
18.7,41.0
17.4,74.0
21.8,66.0
14.4,92.0
16.7,72.0
20.0,83.0
22.3,32.0
24.0,60.0
33.8,51.0
14.7,100.0
18.1,73.0
23.1,66.0
13.6,68.0
35.8,46.0
23.4,50.0
21.7,70.0
25.0,53.0
31.9,60.0
17.5,100.0
30.7,85.0
12.4,35.0
18.2,99.0
29.2,36.0
23.2,73.0
30.2,89.0
30.5,87.0
15.3,61.0
21.9,100.0
20.5,72.0
14.6,67.0
30.8,61.0
24.0,60.0
13.7,83.0
13.8,85.0
16.1,76.0
29.0,82.0
19.4,100.0
13.6,74.0
22.2,98.0
16.3,68.0
24.4,98.0
31.2,73.0
18.8,72.0
16.6,50.0
18.2,64.0
18.0,81.0
18.3,71.0
15.8,87.0
37.6,40.0
25.8,88.0
17.3,55.0
16.4,99.0
23.8,71.0
35.2,41.0
18.2,86.0
15.7,91.0
28.8,16.0
29.4,51.0
30.7,64.0
21.9,54.0
26.3,72.0
13.3,98.0
32.8,67.0
13.0,84.0
15.0,90.0
24.0,42.0
29.7,65.0
38.7,56.0
20.2,52.0
23.4,38.0
30.8,71.0
16.6,74.0
23.4,99.0
21.5,65.0
37.0,59.0
17.4,95.0
30.5,92.0
20.5,100.0
28.8,70.0
17.9,79.0
29.2,61.0
28.1,60.0
17.2,58.0
25.7,44.0
19.0,72.0
28.6,64.0
21.3,97.0
19.0,97.0
15.8,76.0
23.8,61.0
15.7,93.0
28.3,65.0
23.3,40.0
13.9,61.0
18.7,70.0
16.0,83.0
30.1,94.0
33.2,67.0
21.9,70.0
31.4,63.0
22.9,99.0
40.0,50.0
25.0,31.0
13.8,100.0
36.1,72.0
31.9,80.0
29.9,80.0
25.8,64.0
28.8,95.0
11.6,78.0
24.8,73.0
19.9,55.0
21.3,40.0
31.1,31.0
22.9,74.0
24.4,58.0
15.2,91.0
13.8,81.0
24.7,65.0
20.6,65.0
21.8,53.0
20.0,66.0
16.6,97.0
27.8,35.0
28.4,56.0
19.0,74.0
21.3,72.0
15.8,97.0
20.8,89.0
34.2,48.0
18.2,71.0
17.2,79.0
26.6,82.0
30.2,29.0
37.5,7.0
26.8,45.0
23.3,100.0
28.9,72.0
25.4,69.0
15.1,81.0
14.3,59.0
19.8,100.0
28.0,77.0
29.9,73.0
20.0,77.0
28.0,59.0
32.3,45.0
16.4,79.0
37.8,52.0
19.6,77.0
27.4,100.0
24.1,48.0
30.6,57.0
21.8,53.0
24.7,58.0
27.4,67.0
14.6,42.0
27.2,81.0
24.4,89.0
25.9,62.0
20.4,76.0
32.5,80.0
19.4,97.0
13.6,71.0
17.3,84.0
19.9,88.0
16.8,81.0
30.9,72.0
1.2,97.0
19.8,39.0
33.9,71.0
20.5,42.0
15.6,76.0
26.9,71.0
25.9,94.0
22.4,51.0
32.5,35.0
23.9,61.0
22.6,90.0
14.8,66.0
22.5,57.0
12.6,97.0
19.8,90.0
12.6,88.0
29.8,66.0
11.8,96.0
25.8,89.0
21.5,49.0
19.3,59.0
14.8,99.0
25.3,83.0
20.1,55.0
28.4,54.0
40.3,4.0
17.3,76.0
21.2,77.0
23.0,70.0
31.3,58.0
13.0,61.0
20.4,52.0
26.1,44.0
16.7,82.0
19.3,65.0
20.4,85.0
33.2,77.0
20.5,80.0
26.7,55.0
22.0,45.0
29.7,61.0
26.2,63.0
33.0,74.0
6.5,98.0
26.7,77.0
25.9,61.0
21.1,59.0
30.3,67.0
29.3,52.0
30.1,56.0
13.5,73.0
25.6,47.0
14.7,74.0
31.6,60.0
33.4,70.0
12.3,99.0
8.9,99.0
15.5,99.0
17.0,67.0
19.0,62.0
14.8,94.0
28.8,74.0
15.3,100.0
20.9,91.0
26.2,83.0
21.2,91.0
18.8,78.0
26.3,48.0
29.3,47.0
16.3,87.0
21.0,71.0
20.9,80.0
13.9,44.0
30.8,69.0
10.1,86.0
23.8,71.0
20.4,53.0
23.0,76.0
30.9,81.0
22.1,100.0
26.8,50.0
19.1,90.0
26.9,53.0
20.4,76.0
19.6,52.0
33.5,74.0
24.0,72.0
22.4,73.0
16.4,73.0
19.8,46.0
18.0,52.0
13.4,57.0
20.2,91.0
20.1,67.0
20.5,79.0
14.7,78.0
27.6,59.0
19.9,74.0
26.9,81.0
33.2,51.0
23.6,44.0
12.7,85.0
29.8,43.0
27.5,71.0
25.8,67.0
34.7,51.0
29.6,36.0
27.8,72.0
31.0,53.0
16.3,72.0
17.0,67.0
22.7,56.0
30.0,50.0
21.2,58.0
12.2,100.0
15.6,81.0
24.9,52.0
28.6,64.0
26.1,82.0
15.7,100.0
16.7,67.0
29.0,58.0
27.1,81.0
27.3,52.0
18.4,80.0
33.3,37.0
23.9,61.0
25.8,80.0
27.9,34.0
15.1,82.0
23.0,64.0
21.5,74.0
18.6,67.0
12.2,66.0
15.4,92.0
15.5,81.0
28.1,65.0
20.7,76.0
18.9,68.0
18.9,99.0
24.8,66.0
20.2,83.0
32.7,45.0
11.7,98.0
11.8,89.0
12.0,85.0
37.6,18.0
19.7,88.0
19.7,68.0
27.6,71.0
16.6,82.0
24.1,42.0
18.1,76.0
14.6,95.0
35.2,70.0
35.5,56.0
13.8,92.0
15.4,74.0
23.9,87.0
17.0,87.0
14.5,99.0
22.7,60.0
15.4,76.0
22.0,72.0
20.9,58.0
30.9,77.0
25.0,72.0
15.3,61.0
31.0,68.0
19.3,65.0
18.0,75.0
17.0,62.0
21.7,96.0
22.8,59.0
27.9,69.0
29.9,36.0
28.3,72.0
26.0,48.0
26.5,81.0
19.9,100.0
13.4,71.0
33.6,25.0
24.1,46.0
32.3,65.0
30.3,52.0
24.9,53.0
21.9,79.0
16.0,96.0
27.9,37.0
35.5,35.0
26.1,71.0
25.7,89.0
15.5,99.0
24.5,61.0
19.4,56.0
30.0,27.0
26.1,100.0
38.3,27.0
29.6,44.0
22.4,86.0
23.6,69.0
30.8,58.0
39.8,71.0
30.6,84.0
16.9,78.0
34.9,29.0
22.8,64.0
31.3,60.0
23.9,61.0
25.1,79.0
12.7,71.0
12.4,50.0
29.7,31.0
26.2,38.0
12.2,91.0
27.1,64.0
22.7,73.0
19.3,67.0
17.4,47.0
14.0,69.0
15.6,89.0
17.7,80.0
18.9,99.0
28.6,65.0
21.0,58.0
18.8,53.0
32.0,72.0
22.0,81.0
22.6,93.0
18.8,73.0
25.9,74.0
30.7,74.0
18.0,85.0
14.3,91.0
28.7,81.0
27.3,68.0
16.9,51.0
31.2,53.0
27.9,58.0
27.0,72.0
35.6,60.0
29.1,66.0
27.6,78.0
26.1,78.0
29.6,81.0
26.6,95.0
17.4,83.0
30.3,87.0
19.6,100.0
25.0,92.0
30.7,67.0
19.4,63.0
5.0,98.0
33.8,78.0
29.6,67.0
9.3,98.0
30.5,70.0
25.1,31.0
35.1,41.0
21.9,50.0
12.7,91.0
35.8,66.0
25.2,74.0
17.6,89.0
25.4,83.0
21.3,27.0
28.3,73.0
14.5,99.0
19.6,82.0
32.5,71.0
21.5,98.0
28.9,69.0
17.4,49.0
30.6,98.0
32.7,99.0
0.6,98.0
22.7,60.0
21.1,52.0
25.8,33.0
29.6,94.0
32.7,86.0
31.9,53.0
15.0,93.0
42.8,24.0
23.5,82.0
15.6,84.0
36.5,64.0
14.8,74.0
15.4,91.0
28.5,52.0
19.2,87.0
24.1,74.0
19.7,66.0
38.2,63.0
20.2,64.0
28.6,55.0
21.5,64.0
15.9,72.0
23.1,82.0
14.0,88.0
19.7,36.0
27.3,73.0
24.9,100.0
24.3,49.0
19.1,61.0
21.0,95.0
28.9,67.0
-1.0,97.0
23.9,82.0
12.9,83.0
19.6,68.0
39.8,28.0
18.9,69.0
18.4,88.0
16.1,68.0
28.6,99.0
26.5,65.0
20.7,89.0
27.9,74.0
19.5,99.0
20.4,91.0
24.6,52.0
29.5,90.0
14.8,99.0
27.6,100.0
18.6,50.0
29.6,79.0
17.3,77.0
35.9,82.0
32.9,52.0
19.9,82.0
25.4,55.0
20.0,64.0
23.0,58.0
16.8,80.0
31.0,60.0
16.4,92.0
17.3,25.0
38.2,35.0
16.1,100.0
29.5,76.0
22.9,35.0
24.8,70.0
30.8,48.0
15.6,76.0
30.9,66.0
16.6,69.0
15.2,87.0
27.3,63.0
29.4,69.0
23.3,60.0
14.3,68.0
19.4,51.0
23.0,46.0
14.7,60.0
30.1,38.0
13.1,75.0
33.2,82.0
16.1,95.0
20.8,91.0
42.0,29.0
24.5,90.0
19.9,88.0
16.6,92.0
26.4,58.0
23.3,46.0
34.7,71.0
16.3,73.0
16.2,96.0
27.5,80.0
18.6,63.0
27.8,61.0
22.3,70.0
14.3,82.0
17.5,57.0
23.8,87.0
32.6,22.0
19.8,89.0
26.3,61.0
13.1,71.0
31.2,89.0
24.9,86.0
26.4,82.0
33.4,57.0
22.5,57.0
25.5,89.0
16.6,60.0
13.1,99.0
33.4,54.0
26.1,83.0
25.3,91.0
18.1,63.0
15.7,73.0
3.0,54.0
21.8,78.0
17.9,75.0
21.0,31.0
19.2,82.0
19.9,47.0
23.1,45.0
18.9,91.0
24.0,94.0
26.6,95.0
22.9,71.0
27.0,85.0
18.5,44.0
39.9,44.0
26.1,72.0
14.0,100.0
34.5,66.0
21.8,88.0
13.8,68.0
8.4,51.0
20.7,71.0
22.0,75.0
26.0,88.0
15.0,90.0
19.6,90.0
8.9,77.0
27.2,81.0
28.2,56.0
23.6,79.0
17.4,84.0
19.7,64.0
26.5,57.0
32.4,38.0
21.5,57.0
14.5,83.0
20.5,90.0
11.9,90.0
17.5,100.0
17.2,32.0
17.8,99.0
25.3,79.0
24.9,74.0
24.1,66.0
19.3,94.0
20.7,60.0
30.1,60.0
18.0,66.0
30.4,60.0
25.5,64.0
31.1,92.0
17.3,63.0
28.0,52.0
29.1,67.0
11.6,75.0
22.9,80.0
19.0,75.0
23.3,83.0
22.6,88.0
22.1,54.0
23.5,59.0
18.4,99.0
11.2,80.0
24.1,21.0
20.5,66.0
8.1,99.0
11.7,96.0
9.5,58.0
21.2,52.0
32.1,59.0
19.0,67.0
30.8,62.0
27.9,97.0
28.2,49.0
21.5,86.0
27.7,58.0
15.8,74.0
18.1,61.0
32.5,60.0
22.5,72.0
22.8,77.0
36.0,48.0
14.3,88.0
15.1,72.0
32.5,88.0
26.9,58.0
17.5,72.0
18.0,46.0
24.6,77.0
17.1,92.0
18.9,50.0
21.9,88.0
14.7,82.0
38.5,12.0
21.9,92.0
18.4,77.0
19.1,74.0
21.2,47.0
12.0,52.0
25.8,57.0
14.3,60.0
15.1,87.0
30.4,61.0
19.8,61.0
22.3,62.0
17.9,96.0
16.9,98.0
26.9,69.0
14.7,92.0
17.9,62.0
29.8,42.0
24.9,58.0
15.2,100.0
21.9,74.0
20.5,85.0
20.4,97.0
28.6,82.0
31.6,65.0
28.6,57.0
28.4,56.0
13.7,95.0
24.7,75.0
31.7,66.0
13.5,100.0
21.1,84.0
29.9,62.0
15.4,100.0
25.9,67.0
33.5,65.0
16.2,74.0
21.8,67.0
19.1,81.0
14.1,90.0
36.5,54.0
31.5,63.0
17.8,48.0
39.1,36.0
28.0,79.0
14.0,91.0
28.2,53.0
30.4,71.0
13.6,66.0
17.8,71.0
20.4,96.0
14.5,37.0
19.9,67.0
6.9,96.0
12.9,40.0
43.6,14.0
20.3,96.0
16.0,98.0
19.9,62.0
30.8,31.0
30.7,64.0
19.6,71.0
34.4,72.0
23.7,59.0
17.3,59.0
18.9,73.0
20.6,84.0
23.6,73.0
17.1,69.0
25.7,61.0
35.7,29.0
13.4,94.0
29.0,57.0
27.1,70.0
28.4,63.0
13.0,100.0
14.8,39.0
25.3,48.0
29.8,62.0
16.2,52.0
19.0,64.0
29.5,69.0
35.6,65.0
14.2,87.0
33.3,60.0
37.7,39.0
21.2,69.0
33.2,54.0
21.6,66.0
16.6,59.0
30.1,70.0
28.9,62.0
18.0,95.0
24.1,97.0
35.4,22.0
15.2,95.0
28.1,57.0
30.1,51.0
28.2,67.0
27.9,46.0
16.9,82.0
17.1,77.0
18.8,87.0
2.7,97.0
22.2,74.0
12.6,85.0
28.0,47.0
32.9,38.0
21.7,96.0
22.0,100.0
15.1,87.0
10.2,31.0
19.6,88.0
22.1,78.0
17.9,59.0
24.5,71.0
26.0,36.0
19.0,87.0
24.6,57.0
34.2,89.0
18.9,76.0
31.2,13.0
23.5,79.0
18.5,53.0
22.2,59.0
17.4,67.0
31.7,48.0
17.8,91.0
20.2,84.0
35.3,20.0
15.3,75.0
12.8,95.0
34.5,52.0
28.5,78.0
16.2,82.0
12.5,91.0
27.0,89.0
15.0,67.0
21.1,62.0
23.3,65.0
16.1,91.0
17.5,83.0
27.2,62.0
19.4,100.0
17.5,71.0
21.7,65.0
15.0,88.0
18.2,60.0
34.6,64.0
16.3,99.0
26.2,42.0
15.8,100.0
35.6,63.0
17.4,54.0
17.4,98.0
20.9,82.0
35.1,18.0
15.8,82.0
23.0,84.0
21.9,59.0
29.5,50.0
27.0,75.0
17.1,86.0
15.4,80.0
15.0,86.0
34.7,51.0
16.5,91.0
34.2,98.0
32.7,20.0
27.3,58.0
19.4,63.0
19.5,61.0
25.2,70.0
14.4,99.0
37.4,59.0
25.5,80.0
30.2,63.0
15.7,83.0
23.4,69.0
31.0,71.0
18.8,99.0
30.8,63.0
25.7,71.0
20.8,70.0
21.8,76.0
28.5,48.0
19.9,90.0
14.9,100.0
2.6,100.0
28.8,40.0
23.4,64.0
26.2,73.0
15.4,78.0
20.9,94.0
23.1,61.0
32.1,58.0
28.5,67.0
38.3,43.0
11.1,97.0
31.4,55.0
26.5,56.0
28.8,74.0
17.0,98.0
26.4,47.0
15.2,58.0
16.8,77.0
15.6,90.0
17.8,84.0
21.4,73.0
15.5,78.0
30.7,57.0
15.5,97.0
23.4,100.0
16.9,92.0
29.8,47.0
31.4,85.0
25.5,74.0
31.4,22.0
23.8,91.0
33.4,69.0
15.0,67.0
33.6,65.0
27.2,99.0
21.4,65.0
35.0,46.0
29.2,48.0
28.4,79.0
26.8,63.0
36.4,48.0
18.4,99.0
32.5,70.0
24.3,75.0
32.0,82.0
25.3,79.0
20.7,79.0
20.4,73.0
23.9,68.0
26.5,65.0
15.9,95.0
19.4,87.0
30.0,56.0
17.2,41.0
29.5,96.0
24.2,79.0
28.3,66.0
14.8,76.0
26.6,83.0
28.0,73.0
24.7,56.0
32.0,65.0
19.8,60.0
27.7,74.0
15.4,64.0
20.3,72.0
23.1,62.0
12.1,99.0
23.4,51.0
20.1,78.0
34.3,52.0
18.6,99.0
16.0,74.0
26.3,82.0
13.4,68.0
16.8,92.0
22.7,87.0
12.8,81.0
14.0,56.0
11.3,99.0
24.4,71.0
27.5,55.0
25.0,68.0
28.2,44.0
13.0,78.0
30.5,86.0
25.1,94.0
23.9,56.0
13.3,94.0
25.7,90.0
24.1,54.0
22.5,62.0
9.6,84.0
17.9,51.0
21.2,65.0
24.0,86.0
21.9,76.0
13.1,63.0
24.1,64.0
13.7,79.0
18.3,73.0
41.2,18.0
20.8,100.0
33.4,64.0
22.2,68.0
30.8,62.0
25.0,90.0
24.8,51.0
28.3,73.0
19.1,51.0
30.3,71.0
23.0,68.0
21.7,52.0
19.1,77.0
33.1,75.0
17.2,91.0
19.5,68.0
17.1,54.0
15.6,88.0
30.9,45.0
32.2,60.0
19.1,99.0
25.3,30.0
19.4,99.0
19.0,83.0
28.5,58.0
23.1,80.0
31.4,73.0
18.5,75.0
38.0,47.0
17.3,83.0
20.9,96.0
40.3,17.0
24.5,94.0
16.1,78.0
24.1,71.0
27.5,78.0
29.2,66.0
12.3,96.0
17.5,95.0
29.1,49.0
15.2,63.0
27.2,70.0
23.1,49.0
24.3,47.0
22.7,73.0
25.4,74.0
30.8,39.0
21.1,70.0
35.2,47.0
29.5,9.0
25.5,55.0
12.9,100.0
33.9,30.0
30.1,46.0
15.2,50.0
29.4,54.0
17.4,91.0
19.5,70.0
43.9,36.0
28.4,77.0
24.6,80.0
17.6,72.0
14.8,83.0
22.4,72.0
21.3,84.0
19.4,66.0
24.3,78.0
12.0,94.0
14.4,90.0
12.8,90.0
26.6,70.0
27.7,76.0
22.0,64.0
31.4,83.0
28.4,76.0
20.7,37.0
7.4,71.0
20.2,57.0
19.9,38.0
16.9,69.0
36.3,46.0
25.5,57.0
15.3,98.0
16.2,77.0
11.5,99.0
14.4,79.0
22.6,55.0
22.7,61.0
29.4,37.0
23.7,79.0
22.7,62.0
20.9,60.0
15.9,89.0
16.3,100.0
35.9,23.0
28.7,78.0
25.5,31.0
17.5,55.0
15.7,58.0
17.3,64.0
32.2,68.0
11.2,91.0
11.1,93.0
34.0,74.0
32.2,56.0
27.5,54.0
21.7,54.0
22.5,83.0
23.4,80.0
28.2,38.0
19.5,97.0
22.9,43.0
34.2,80.0
30.9,67.0
18.0,47.0
13.0,59.0
23.2,47.0
23.6,67.0
18.8,92.0
26.6,85.0
24.8,76.0
22.9,81.0
14.7,88.0
30.0,95.0
10.8,86.0
20.4,60.0
19.2,85.0
15.1,85.0
13.2,57.0
13.7,89.0
36.6,23.0
24.9,67.0
22.5,51.0
35.9,63.0
30.8,32.0
39.6,53.0
26.4,65.0
20.7,52.0
34.9,30.0
24.1,57.0
33.8,42.0
12.1,91.0
16.6,49.0
24.0,68.0
38.1,70.0
32.6,75.0
16.7,82.0
13.4,97.0
26.2,83.0
21.5,92.0
28.8,75.0
41.1,58.0
36.5,64.0
25.7,49.0
25.2,53.0
29.3,49.0
19.4,79.0
33.2,84.0
23.2,62.0
15.0,96.0
25.2,78.0
23.8,69.0
35.7,66.0
20.1,53.0
20.5,55.0
13.9,97.0
22.9,47.0
15.2,76.0
20.1,64.0
28.7,49.0
24.5,87.0
15.3,79.0
16.1,68.0
22.3,58.0
40.6,39.0
37.7,52.0
16.8,54.0
15.0,51.0
15.2,57.0
28.1,66.0
20.3,20.0
12.2,92.0
36.9,10.0
19.3,77.0
13.5,92.0
28.7,82.0
17.8,95.0
32.3,46.0
25.9,68.0
21.2,79.0
20.5,82.0
19.9,84.0
25.5,65.0
27.6,33.0
20.9,71.0
25.6,56.0
36.5,82.0
26.5,47.0
11.1,92.0
26.8,47.0
31.9,78.0
29.7,83.0
24.8,65.0
16.6,60.0
25.8,82.0
17.9,82.0
25.7,58.0
10.0,87.0
23.7,57.0
24.2,92.0
18.2,89.0
33.8,51.0
31.0,73.0
32.6,36.0
23.7,79.0
41.7,23.0
35.2,86.0
11.6,100.0
24.1,76.0
23.8,43.0
17.5,99.0
30.6,76.0
22.8,76.0
17.0,92.0
11.2,83.0
22.5,86.0
13.1,99.0
22.2,66.0
21.8,89.0
19.3,97.0
19.9,70.0
20.1,93.0
30.5,71.0
10.9,94.0
24.5,62.0
11.0,87.0
31.0,33.0
28.0,67.0
28.0,65.0
10.7,57.0
26.3,67.0
20.6,66.0
21.1,97.0
19.8,59.0
13.4,88.0
23.8,92.0
13.9,90.0
16.8,66.0
25.2,60.0
17.5,71.0
25.6,82.0
27.8,70.0
14.7,81.0
17.1,84.0
24.1,71.0
31.1,34.0
15.8,61.0
18.0,67.0
16.6,93.0
15.9,61.0
19.7,66.0
23.9,67.0
12.7,62.0
16.6,80.0
6.3,51.0
17.4,63.0
23.3,69.0
22.7,80.0
12.8,88.0
24.7,62.0
21.1,70.0
10.9,92.0
28.2,51.0
22.1,38.0
28.4,62.0
24.0,58.0
12.2,74.0
22.2,62.0
23.0,85.0
20.0,44.0
12.9,70.0
7.2,97.0
25.9,72.0
31.2,75.0
4.9,97.0
14.6,89.0
27.7,25.0
30.9,55.0
25.4,49.0
19.0,87.0
16.9,69.0
21.1,58.0
21.4,70.0
34.1,24.0
15.8,79.0
23.3,56.0
30.8,49.0
30.7,44.0
17.6,98.0
23.2,38.0
21.2,56.0
26.9,77.0
23.4,66.0
15.3,59.0
29.1,65.0
15.4,73.0
35.2,30.0
25.6,63.0
26.3,85.0
29.3,65.0
37.6,22.0
26.8,76.0
11.8,99.0
31.9,92.0
21.9,49.0
16.6,55.0
37.9,36.0
25.4,75.0
26.1,61.0
29.6,63.0
10.4,80.0
17.7,74.0
21.5,42.0
22.6,55.0
26.5,79.0
21.6,81.0
16.3,61.0
23.5,47.0
26.2,59.0
22.9,54.0
31.6,44.0
24.1,85.0
22.5,99.0
25.2,79.0
24.5,68.0
27.9,35.0
14.3,88.0
34.6,62.0
23.3,63.0
31.0,62.0
21.6,89.0
18.3,64.0
10.2,82.0
25.4,49.0
16.8,72.0
30.5,56.0
24.5,69.0
27.8,75.0
25.9,62.0
26.8,89.0
20.6,75.0
21.2,98.0
24.1,83.0
30.8,56.0
40.6,46.0
18.5,80.0
13.2,85.0
29.6,76.0
20.9,80.0
20.1,95.0
29.8,58.0
21.5,84.0
21.3,62.0
24.3,54.0
13.8,85.0
19.6,68.0
9.6,91.0
21.1,68.0
14.4,90.0
29.6,51.0
13.3,51.0
26.4,60.0
29.6,61.0
13.9,89.0
29.3,82.0
17.0,61.0
13.5,91.0
27.4,76.0
19.7,66.0
29.4,58.0
26.3,71.0
14.6,86.0
28.5,54.0
15.9,85.0
14.4,100.0
30.6,58.0
18.5,81.0
25.1,68.0
29.7,63.0
27.8,60.0
14.6,92.0
12.2,71.0
27.9,56.0
21.7,86.0
24.3,83.0
29.5,75.0
36.9,66.0
23.8,47.0
13.2,82.0
27.7,85.0
21.9,78.0
29.6,56.0
14.8,99.0
29.3,43.0
23.2,71.0
33.1,46.0
32.0,89.0
24.8,53.0
26.6,57.0
19.2,97.0
6.7,100.0
19.9,63.0
32.2,99.0
25.2,95.0
18.3,63.0
30.0,35.0
18.0,51.0
24.6,41.0
17.9,69.0
27.4,56.0
21.8,67.0
30.2,62.0
25.5,42.0
19.4,47.0
18.9,63.0
12.4,97.0
32.0,73.0
32.3,49.0
27.6,74.0
27.0,78.0
17.9,98.0
18.3,78.0
26.5,40.0
24.6,51.0
32.5,20.0
16.7,90.0
17.4,65.0
21.8,44.0
19.4,89.0
35.9,72.0
23.5,63.0
16.2,76.0
21.3,66.0
31.7,78.0
29.3,70.0
22.6,99.0
25.7,45.0
15.4,91.0
31.5,50.0
27.6,74.0
20.0,81.0
17.8,97.0
21.0,88.0
21.1,58.0
32.7,62.0
24.3,73.0
10.0,99.0
22.5,57.0
30.0,27.0
33.6,49.0
25.2,63.0
15.4,75.0
29.1,59.0
24.2,79.0
32.6,66.0
18.4,45.0
22.6,75.0
32.7,45.0
30.3,68.0
25.1,80.0
42.5,34.0
33.9,61.0
26.7,85.0
15.5,73.0
7.3,84.0
16.7,65.0
21.9,51.0
25.1,38.0
11.1,94.0
22.6,58.0
4.7,97.0
32.3,56.0
18.1,58.0
12.8,99.0
26.3,83.0
15.9,92.0
34.7,5.0
30.3,54.0
17.3,96.0
16.6,53.0
23.5,55.0
17.4,36.0
19.5,77.0
24.4,71.0
30.1,65.0
15.0,92.0
29.0,29.0
19.3,77.0
12.5,74.0
20.0,60.0
17.9,78.0
19.1,97.0
26.3,69.0
22.7,60.0
14.0,99.0
32.7,87.0
30.1,79.0
36.4,38.0
13.4,95.0
18.7,83.0
30.5,53.0
27.2,70.0
26.1,61.0
27.5,78.0
36.1,27.0
23.5,86.0
22.0,86.0
11.9,99.0
15.8,79.0
21.5,51.0
19.4,72.0
20.1,91.0
12.4,98.0
14.3,64.0
19.3,72.0
13.6,93.0
27.4,61.0
20.4,63.0
32.0,58.0
17.5,53.0
23.3,52.0
17.4,87.0
19.3,84.0
19.5,76.0
24.9,69.0
19.6,98.0
21.7,58.0
24.2,54.0
33.2,50.0
23.9,63.0
30.7,54.0
15.6,65.0
35.3,24.0
15.4,89.0
31.7,62.0
13.5,95.0
22.3,44.0
20.3,77.0
24.2,67.0
16.9,57.0
34.2,70.0
17.2,71.0
22.9,85.0
16.9,68.0
29.3,59.0
11.2,99.0
35.5,66.0
19.1,51.0
23.4,89.0
16.6,78.0
32.9,82.0
34.1,51.0
22.3,55.0
27.4,57.0
29.0,23.0
17.2,85.0
24.0,65.0
19.6,92.0
19.1,95.0
24.9,63.0
17.4,99.0
23.3,58.0
39.4,39.0
26.8,69.0
29.1,61.0
16.2,76.0
15.4,64.0
19.4,96.0
27.2,71.0
32.2,66.0
22.3,76.0
32.2,60.0
19.9,98.0
16.4,73.0
28.4,76.0
22.0,73.0
29.7,73.0
20.6,75.0
37.1,20.0
31.0,79.0
21.8,70.0
13.6,74.0
22.3,37.0
13.4,96.0
21.6,67.0
22.1,75.0
26.9,55.0
27.1,98.0
22.3,50.0
22.4,90.0
20.8,80.0
22.2,81.0
27.4,58.0
21.5,59.0
17.0,66.0
23.2,86.0
23.4,81.0
5.2,98.0
27.2,62.0
17.6,64.0
17.5,92.0
14.3,95.0
24.3,53.0
21.5,65.0
28.9,58.0
23.4,69.0
34.5,58.0
28.2,60.0
19.3,91.0
19.6,66.0
16.7,54.0
23.6,93.0
28.2,77.0
24.2,73.0
37.7,68.0
38.4,40.0
27.9,56.0
18.6,75.0
33.5,48.0
32.1,42.0
16.8,78.0
20.9,52.0
27.3,68.0
30.0,53.0
19.6,100.0
19.7,86.0
25.4,66.0
19.3,78.0
19.1,68.0
19.2,78.0
24.2,84.0
22.8,73.0
20.7,69.0
23.6,81.0
17.8,91.0
18.3,82.0
23.8,90.0
34.4,58.0
16.2,63.0
28.0,68.0
23.3,79.0
14.2,92.0
21.6,47.0
14.1,78.0
22.1,60.0
11.0,71.0
36.1,32.0
20.9,79.0
28.9,65.0
29.5,65.0
15.2,76.0
43.0,28.0
20.0,70.0
25.3,71.0
30.0,54.0
32.9,67.0
25.3,87.0
30.1,44.0
20.5,53.0
17.2,87.0
12.4,64.0
24.5,70.0
20.2,75.0
16.8,77.0
33.2,70.0
19.6,66.0
34.7,28.0
16.8,72.0
18.8,64.0
32.7,79.0
16.0,88.0
21.9,73.0
21.4,97.0
27.0,76.0
24.5,40.0
25.5,65.0
26.8,63.0
22.3,77.0
31.5,47.0
21.6,70.0
29.2,62.0
36.7,25.0
23.8,49.0
18.7,100.0
10.4,95.0
24.3,78.0
28.8,77.0
17.8,67.0
26.9,72.0
28.0,64.0
17.1,71.0
19.7,94.0
40.0,61.0
30.5,65.0
26.6,89.0
14.4,74.0
18.2,100.0
29.8,94.0
17.8,89.0
37.0,43.0
17.6,82.0
20.2,83.0
40.1,33.0
20.1,65.0
15.3,75.0
23.3,48.0
27.5,81.0
25.2,65.0
28.2,74.0
12.2,99.0
26.8,51.0
27.8,74.0
18.7,86.0
23.7,72.0
24.4,99.0
38.7,10.0
19.6,67.0
23.9,62.0
23.1,56.0
11.8,98.0
12.1,69.0
11.5,57.0
34.1,48.0
30.4,63.0
22.6,69.0
14.8,78.0
13.1,83.0
24.6,71.0
23.0,78.0
39.1,29.0
17.5,94.0
23.4,61.0
14.3,98.0
27.2,62.0
20.8,47.0
17.6,42.0
27.4,51.0
31.0,60.0
21.5,30.0
37.5,58.0
28.5,61.0
25.8,71.0
14.3,95.0
22.5,98.0
14.9,95.0
30.0,40.0
13.6,71.0
33.4,31.0
24.6,65.0
15.8,89.0
32.3,64.0
31.0,25.0
18.2,57.0
22.8,97.0
18.1,83.0
20.1,60.0
24.8,79.0
20.1,52.0
25.4,52.0
17.2,99.0
20.3,46.0
11.9,79.0
14.5,78.0
32.1,37.0
16.8,52.0
22.4,62.0
13.4,95.0
30.5,67.0
22.1,74.0
33.4,30.0
13.2,100.0
25.0,75.0
20.0,66.0
37.1,29.0
27.8,75.0
18.4,51.0
15.7,90.0
20.6,44.0
32.4,44.0
22.1,62.0
15.8,100.0
18.1,82.0
29.9,66.0
31.3,49.0
31.3,56.0
22.5,70.0
33.8,72.0
10.8,72.0
19.4,84.0
35.7,70.0
26.7,60.0
20.4,66.0
24.0,65.0
33.2,48.0
25.8,86.0
13.5,98.0
22.7,87.0
25.7,80.0
25.8,66.0
20.1,68.0
32.1,64.0
12.3,98.0
15.9,88.0
27.4,63.0
22.5,89.0
15.5,73.0
18.9,49.0
14.0,85.0
25.6,50.0
30.4,64.0
30.0,24.0
27.3,71.0
13.9,62.0
15.0,89.0
18.4,52.0
31.4,32.0
30.1,100.0
23.0,85.0
34.0,74.0
17.5,92.0
30.5,53.0
30.9,59.0
22.3,64.0
35.0,66.0
32.2,40.0
23.9,70.0
27.7,63.0
12.0,66.0
29.8,76.0
19.2,66.0
14.9,88.0
15.7,99.0
43.0,12.0
14.6,72.0
16.0,76.0
24.1,58.0
33.1,44.0
11.5,93.0
19.6,50.0
34.4,75.0
27.4,66.0
33.0,43.0
29.0,62.0
19.8,60.0
19.6,98.0
19.8,64.0
22.2,67.0
29.3,56.0
23.6,51.0
36.2,19.0
34.6,68.0
29.3,69.0
13.4,77.0
28.9,70.0
11.2,66.0
14.1,66.0
40.4,16.0
20.4,84.0
16.0,72.0
21.0,62.0
23.3,40.0
19.8,74.0
26.5,68.0
21.7,46.0
20.3,87.0
33.4,61.0
29.0,52.0
18.9,79.0
26.2,51.0
23.3,74.0
24.7,84.0
12.3,96.0
16.4,91.0
41.6,74.0
35.9,26.0
19.3,94.0
23.0,69.0
32.8,42.0
24.5,48.0
14.6,91.0
17.1,69.0
29.6,61.0
22.0,50.0
24.6,40.0
37.0,52.0
22.7,55.0
19.7,91.0
32.7,60.0
17.4,92.0
14.5,93.0
19.4,49.0
36.3,34.0
12.0,94.0
16.0,63.0
29.4,29.0
25.9,76.0
31.3,76.0
22.6,80.0
23.9,97.0
17.2,95.0
18.3,51.0
24.4,76.0
25.6,76.0
17.2,76.0
16.4,91.0
17.0,66.0
17.9,67.0
17.9,66.0
19.6,90.0
24.6,48.0
15.5,99.0
27.5,41.0
22.9,98.0
10.5,74.0
30.4,48.0
25.2,53.0
25.1,75.0
18.3,100.0
23.8,76.0
27.6,83.0
17.5,98.0
14.9,53.0
4.5,98.0
20.7,82.0
20.8,57.0
27.6,58.0
16.3,71.0
12.9,97.0
25.0,72.0
25.3,86.0
27.5,79.0
28.4,96.0
16.6,68.0
21.0,81.0
22.4,72.0
21.7,65.0
22.9,59.0
18.5,76.0
22.8,44.0
25.4,81.0
19.2,99.0
32.5,44.0
24.6,57.0
30.2,65.0
17.9,76.0
22.9,50.0
35.5,51.0
26.4,70.0
26.9,67.0
17.5,62.0
17.2,71.0
35.5,25.0
15.9,88.0
25.3,65.0
21.0,59.0
20.9,69.0
21.7,67.0
22.0,95.0
12.4,73.0
23.6,81.0
27.2,65.0
20.3,61.0
30.1,60.0
36.8,19.0
33.2,35.0
21.7,72.0
33.3,68.0
33.9,23.0
25.3,67.0
23.4,91.0
20.7,55.0
36.0,62.0
27.6,68.0
12.7,94.0
21.2,63.0
24.4,61.0
18.5,71.0
13.6,100.0
22.0,79.0
18.5,99.0
14.8,93.0
16.5,83.0
20.6,58.0
14.5,80.0
-2.4,97.0
18.1,50.0
26.7,34.0
11.4,99.0
20.3,59.0
13.7,100.0
19.5,85.0
19.2,68.0
18.7,68.0
38.0,58.0
29.4,35.0
14.2,100.0
39.6,44.0
17.8,82.0
36.7,48.0
18.8,68.0
12.3,87.0
36.8,13.0
21.0,73.0
30.4,53.0
18.8,94.0
22.3,48.0
16.9,81.0
19.8,69.0
25.2,61.0
28.4,28.0
26.1,74.0
18.3,71.0
23.6,93.0
23.4,78.0
21.2,97.0
17.4,68.0
19.9,55.0
28.7,96.0
38.4,47.0
29.7,73.0
25.1,62.0
23.1,63.0
27.4,83.0
27.8,89.0
27.6,50.0
21.4,97.0
21.8,69.0
15.5,93.0
16.2,58.0
14.5,81.0
12.9,78.0
14.1,61.0
17.3,67.0
21.6,77.0
14.5,99.0
29.0,69.0
24.9,71.0
20.7,87.0
16.5,94.0
16.6,73.0
23.1,73.0
38.1,58.0
31.4,70.0
16.2,79.0
23.3,64.0
11.2,97.0
33.8,43.0
21.3,42.0
31.8,73.0
16.7,84.0
15.8,72.0
38.5,67.0
23.1,64.0
24.3,56.0
12.3,97.0
24.0,90.0
27.5,68.0
23.0,59.0
14.4,75.0
28.5,47.0
25.7,58.0
31.6,37.0
27.7,79.0
35.4,17.0
27.5,60.0
17.4,85.0
28.5,21.0
20.7,73.0
18.2,51.0
19.4,61.0
15.2,79.0
35.7,71.0
20.5,72.0
24.8,66.0
23.0,92.0
20.8,67.0
28.8,44.0
28.3,90.0
15.3,100.0
28.3,31.0
16.1,73.0
20.3,67.0
19.1,67.0
18.3,46.0
29.0,59.0
29.2,46.0
29.7,65.0
13.6,60.0
15.6,94.0
27.2,37.0
16.0,68.0
23.6,63.0
37.0,71.0
20.7,94.0
16.4,52.0
22.1,67.0
23.6,82.0
25.0,95.0
36.8,58.0
30.4,47.0
32.1,51.0
23.1,88.0
24.1,71.0
26.6,26.0
17.8,54.0
24.0,78.0
15.3,100.0
23.6,52.0
16.9,64.0
27.2,47.0
19.2,68.0
27.6,57.0
18.8,84.0
29.8,75.0
22.7,34.0
23.3,68.0
20.1,77.0
17.5,59.0
29.4,53.0
18.6,46.0
36.7,44.0
14.2,58.0
27.5,45.0
18.4,91.0
18.5,96.0
17.9,88.0
25.5,61.0
20.5,68.0
25.6,62.0
29.5,58.0
15.0,96.0
29.2,63.0
17.8,90.0
12.1,100.0
17.9,70.0
27.5,23.0
16.6,100.0
21.5,41.0
26.9,58.0
22.0,59.0
20.3,53.0
13.7,58.0
19.5,81.0
16.9,93.0
13.1,82.0
14.6,92.0
8.5,98.0
25.1,70.0
19.5,49.0
30.4,53.0
17.6,80.0
27.7,60.0
24.3,67.0
30.4,62.0
15.9,100.0
19.2,90.0
22.9,81.0
23.0,84.0
27.4,77.0
22.0,53.0
13.5,64.0
28.9,55.0
31.5,63.0
11.9,65.0
17.6,45.0
22.1,94.0
29.0,44.0
16.7,79.0
26.1,71.0
15.1,59.0
19.2,71.0
28.8,73.0
30.2,61.0
21.5,68.0
34.9,17.0
13.5,74.0
21.2,76.0
17.4,60.0
18.7,71.0
28.2,83.0
10.2,94.0
27.8,50.0
21.5,93.0
19.7,78.0
29.4,50.0
23.4,94.0
20.4,78.0
24.3,34.0
28.9,40.0
23.8,75.0
19.2,100.0
27.6,66.0
35.4,81.0
32.5,59.0
15.3,94.0
13.6,92.0
37.8,43.0
15.7,95.0
13.5,98.0
29.5,64.0
28.0,63.0
14.0,71.0
27.1,73.0
18.6,54.0
13.5,85.0
9.9,68.0
17.7,83.0
13.6,97.0
26.7,84.0
24.3,83.0
37.0,42.0
15.1,86.0
22.0,64.0
12.8,97.0
14.4,69.0
33.7,46.0
29.7,61.0
0.1,80.0
34.1,75.0
16.9,41.0
26.7,90.0
21.2,68.0
20.3,61.0
20.0,81.0
13.2,60.0
19.1,43.0
17.4,57.0
30.0,69.0
20.4,65.0
31.9,56.0
23.9,74.0
25.3,43.0
23.9,62.0
25.8,68.0
13.9,87.0
28.6,65.0
38.8,26.0
32.3,46.0
28.4,67.0
27.0,46.0
28.0,85.0
26.6,69.0
12.7,98.0
17.5,76.0
30.4,64.0
22.2,57.0
15.0,77.0
32.0,37.0
22.9,89.0
26.7,77.0
28.8,45.0
35.5,55.0
13.3,85.0
30.1,72.0
20.8,33.0
26.5,87.0
29.8,80.0
33.9,24.0
32.6,57.0
32.8,78.0
20.5,73.0
21.2,97.0
16.2,89.0
28.0,59.0
16.8,52.0
22.7,80.0
25.3,97.0
13.8,98.0
31.7,93.0
15.3,49.0
36.6,30.0
16.7,58.0
23.3,65.0
22.5,43.0
27.5,99.0
20.1,91.0
14.5,83.0
15.4,77.0
18.7,73.0
27.3,86.0
19.1,61.0
20.7,47.0
15.1,81.0
15.0,74.0
31.4,61.0
17.5,55.0
32.2,64.0
19.2,71.0
27.1,50.0
19.2,61.0
16.0,80.0
18.6,66.0
16.0,84.0
21.0,82.0
26.2,85.0
25.2,60.0
34.2,28.0
25.3,61.0
30.5,69.0
19.0,66.0
24.9,85.0
15.6,86.0
17.0,81.0
17.9,80.0
28.4,73.0
33.4,54.0
38.7,29.0
23.6,53.0
9.7,72.0
25.5,59.0
23.9,82.0
22.2,65.0
2.6,98.0
37.6,72.0
19.5,91.0
33.9,73.0
26.9,88.0
21.1,80.0
23.1,51.0
28.1,63.0
11.8,84.0
15.0,52.0
30.6,27.0
20.1,85.0
27.5,47.0
17.5,62.0
26.2,57.0
5.8,95.0
30.5,51.0
36.5,81.0
17.3,84.0
20.9,95.0
29.1,39.0
14.5,72.0
30.5,89.0
29.5,99.0
33.1,52.0
28.9,63.0
31.4,49.0
15.2,90.0
34.8,37.0
12.4,91.0
29.1,79.0
19.4,94.0
18.9,64.0
20.7,49.0
20.2,73.0
27.1,62.0
18.4,85.0
22.0,69.0
23.5,42.0
19.4,97.0
10.8,80.0
21.0,43.0
17.7,86.0
21.8,71.0
17.9,73.0
20.8,50.0
24.5,49.0
27.2,38.0
23.9,88.0
32.7,52.0
39.1,29.0
31.5,45.0
25.7,69.0
29.9,54.0
18.6,50.0
22.9,95.0
18.9,65.0
18.4,61.0
17.5,88.0
19.8,40.0
18.6,83.0
28.2,86.0
22.6,48.0
26.4,60.0
26.2,68.0
24.1,83.0
14.0,92.0
19.3,83.0
19.2,98.0
16.7,59.0
39.8,16.0
20.1,99.0
40.8,26.0
18.7,82.0
33.3,44.0
26.6,72.0
28.0,57.0
32.4,63.0
33.0,78.0
18.9,68.0
23.1,56.0
17.1,37.0
22.2,57.0
20.4,85.0
25.7,68.0
20.8,85.0
22.6,71.0
35.4,34.0
21.5,60.0
19.5,77.0
20.4,69.0
19.7,93.0
35.5,83.0
33.9,63.0
15.9,73.0
23.1,58.0
20.6,79.0
26.0,34.0
28.7,63.0
32.1,71.0
28.0,59.0
18.1,56.0
22.4,59.0
33.7,82.0
26.5,64.0
18.6,46.0
14.4,83.0
24.7,60.0
30.3,56.0
31.6,79.0
32.2,85.0
21.3,90.0
18.5,65.0
30.9,71.0
23.8,58.0
23.6,79.0
25.3,59.0
16.1,63.0
23.7,52.0
17.5,67.0
4.4,100.0
16.5,86.0
30.9,53.0
20.8,75.0
21.1,68.0
28.5,18.0
29.1,75.0
30.8,82.0
19.1,76.0
18.8,94.0
21.9,93.0
13.6,57.0
23.3,55.0
18.0,83.0
41.0,27.0
19.1,100.0
22.4,45.0
25.0,32.0
28.2,39.0
27.8,80.0
20.6,48.0
27.3,82.0
11.5,67.0
33.6,72.0
14.7,100.0
27.4,58.0
23.0,72.0
27.7,80.0
21.4,58.0
24.7,74.0
31.6,79.0
15.4,75.0
13.8,91.0
26.3,72.0
20.3,64.0
16.5,78.0
30.2,68.0
23.7,69.0
28.6,66.0
14.9,97.0
19.6,59.0
15.8,67.0
13.1,72.0
11.6,97.0
22.8,76.0
17.4,74.0
20.6,36.0
24.8,73.0
21.9,56.0
31.1,61.0
18.2,99.0
25.9,63.0
23.6,77.0
21.7,71.0
21.6,59.0
27.2,57.0
20.6,79.0
14.6,64.0
24.4,66.0
15.7,81.0
16.0,85.0
20.7,86.0
16.1,96.0
15.8,92.0
35.8,59.0
20.4,95.0
20.6,77.0
24.0,59.0
33.6,63.0
30.0,62.0
16.4,77.0
18.4,66.0
18.7,85.0
12.6,51.0
23.0,65.0
28.4,55.0
33.2,48.0
14.4,72.0
22.2,50.0
8.0,57.0
22.1,82.0
14.9,94.0
17.0,73.0
25.8,29.0
32.7,42.0
27.7,47.0
12.0,87.0
19.9,64.0
14.3,100.0
32.5,46.0
14.7,92.0
17.7,100.0
40.6,20.0
22.5,54.0
15.1,72.0
17.8,99.0
24.6,73.0
16.0,52.0
21.4,56.0
26.8,37.0
26.1,44.0
20.6,67.0
21.5,86.0
31.3,56.0
14.5,76.0
16.1,100.0
11.2,75.0
9.8,59.0
24.8,68.0
29.2,82.0
29.9,53.0
13.8,96.0
12.5,90.0
20.0,81.0
17.9,64.0
23.0,94.0
21.8,96.0
22.6,66.0
21.5,68.0
27.4,79.0
28.5,94.0
32.5,59.0
28.4,78.0
19.1,80.0
25.8,63.0
23.8,58.0
17.5,65.0
14.1,84.0
17.0,71.0
28.9,53.0
30.7,60.0
29.5,76.0
16.5,67.0
34.0,32.0
28.3,59.0
23.1,64.0
10.3,98.0
17.5,79.0
26.6,52.0
21.1,32.0
17.3,73.0
27.8,35.0
21.4,67.0
23.0,71.0
18.3,100.0
35.8,54.0
25.3,67.0
15.2,77.0
26.3,21.0
25.5,80.0
28.2,77.0
19.8,84.0
21.7,55.0
18.5,58.0
22.8,42.0
28.4,65.0
34.2,52.0
25.9,61.0
19.9,52.0
23.6,83.0
28.1,53.0
26.0,39.0
32.8,64.0
19.3,74.0
17.2,62.0
31.2,62.0
16.7,69.0
31.2,37.0
15.5,57.0
31.9,81.0
37.6,32.0
36.9,56.0
19.9,63.0
20.8,64.0
19.5,73.0
24.0,59.0
21.2,87.0
22.1,61.0
20.7,84.0
24.5,55.0
23.2,100.0
15.9,96.0
20.7,75.0
28.4,68.0
32.4,51.0
31.1,57.0
16.6,98.0
36.9,58.0
24.1,89.0
34.4,67.0
18.7,67.0
18.4,47.0
31.7,32.0
35.3,78.0
37.9,30.0
26.7,80.0
22.0,92.0
16.2,91.0
23.6,70.0
32.2,76.0
12.5,79.0
20.5,55.0
19.6,54.0
27.7,70.0
26.6,71.0
15.6,70.0
24.3,53.0
15.6,93.0
37.2,46.0
19.0,73.0
27.2,86.0
26.2,66.0
17.8,100.0
27.2,90.0
33.9,67.0
27.6,44.0
18.0,70.0
20.4,97.0
18.7,70.0
16.8,67.0
22.5,55.0
22.3,89.0
17.0,55.0
40.9,70.0
16.3,62.0
30.8,52.0
21.3,68.0
20.1,78.0
15.9,78.0
22.6,55.0
17.7,76.0
23.7,57.0
32.5,37.0
13.2,78.0
36.1,63.0
24.4,58.0
38.1,13.0
20.6,79.0
20.2,79.0
23.3,80.0
24.4,50.0
23.0,65.0
22.9,92.0
22.0,94.0
19.5,65.0
12.1,98.0
37.3,22.0
25.4,57.0
19.7,74.0
33.4,75.0
21.6,48.0
18.9,78.0
28.1,8.0
25.5,87.0
19.8,72.0
11.3,99.0
20.6,71.0
17.2,90.0
10.0,99.0
12.9,90.0
14.5,83.0
28.2,53.0
19.6,57.0
21.8,87.0
15.4,61.0
29.9,69.0
15.8,82.0
16.2,60.0
13.1,89.0
21.2,100.0
13.7,100.0
18.5,64.0
34.5,71.0
23.1,77.0
11.3,95.0
28.0,42.0
20.1,23.0
12.2,68.0
2.7,17.0
16.6,93.0
19.2,74.0
19.0,54.0
27.5,99.0
28.6,32.0
34.8,32.0
19.4,63.0
23.4,73.0
25.2,65.0
23.0,74.0
19.5,75.0
23.5,59.0
28.2,64.0
34.0,12.0
19.8,73.0
34.0,51.0
26.0,48.0
36.0,60.0
24.2,75.0
23.2,48.0
16.8,70.0
29.4,56.0
18.3,74.0
28.8,72.0
21.0,59.0
26.0,85.0
21.2,82.0
31.7,14.0
26.1,70.0
37.7,58.0
13.4,95.0
31.7,60.0
30.6,54.0
21.7,70.0
19.4,96.0
26.6,48.0
18.8,62.0
15.6,79.0
18.4,97.0
16.6,55.0
31.8,70.0
13.3,57.0
27.9,62.0
18.7,71.0
25.6,89.0
20.6,74.0
33.3,41.0
33.3,74.0
23.1,86.0
26.3,87.0
27.0,77.0
26.2,80.0
33.0,25.0
29.6,59.0
24.5,78.0
13.2,74.0
29.0,75.0
18.2,66.0
26.0,61.0
23.4,89.0
19.0,100.0
9.3,99.0
26.2,51.0
38.4,24.0
23.4,86.0
17.8,99.0
28.4,60.0
23.7,54.0
30.5,66.0
14.2,99.0
31.0,83.0
24.9,59.0
18.5,61.0
29.8,34.0
18.9,86.0
26.3,64.0
20.0,84.0
27.7,76.0
16.2,57.0
16.1,73.0
20.9,53.0
12.3,73.0
22.2,83.0
27.0,82.0
13.6,100.0
16.1,75.0
12.2,66.0
24.9,81.0
20.1,69.0
19.4,70.0
24.0,74.0
19.7,86.0
19.5,59.0
21.2,55.0
19.3,59.0
24.3,58.0
31.0,62.0
15.9,97.0
16.3,100.0
26.6,75.0
24.0,84.0
9.2,98.0
30.6,72.0
29.5,71.0
6.9,89.0
13.9,99.0
25.4,66.0
29.6,62.0
21.9,100.0
28.8,57.0
25.7,37.0
18.9,76.0
25.8,81.0
22.4,29.0
17.7,89.0
27.1,62.0
31.0,52.0
21.7,75.0
19.4,61.0
22.2,91.0
32.6,70.0
26.3,88.0
31.6,33.0
16.8,59.0
27.9,56.0
24.2,64.0
34.2,37.0
16.1,80.0
30.3,42.0
22.0,95.0
22.5,87.0
16.4,58.0
20.9,71.0
26.9,45.0
25.3,69.0
17.6,52.0
24.0,83.0
14.9,83.0
31.8,81.0
11.8,75.0
17.1,87.0
16.7,60.0
39.8,63.0
28.1,67.0
11.0,100.0
35.5,31.0
28.0,78.0
28.3,70.0
19.6,65.0
29.0,74.0
17.6,93.0
11.9,70.0
24.2,68.0
12.8,91.0
21.8,99.0
16.6,69.0
34.7,70.0
21.0,77.0
15.4,64.0
13.2,90.0
18.2,79.0
20.6,81.0
20.8,69.0
14.1,91.0
19.4,68.0
18.5,76.0
19.6,62.0
24.8,99.0
20.7,83.0
34.0,47.0
21.1,59.0
20.9,87.0
18.3,82.0
17.1,95.0
30.2,65.0
17.5,77.0
24.5,60.0
29.7,73.0
35.5,46.0
29.4,43.0
21.9,51.0
30.4,74.0
20.2,60.0
34.2,29.0
29.1,97.0
14.4,89.0
25.3,95.0
26.6,17.0
22.2,47.0
14.2,79.0
24.8,55.0
26.8,66.0
10.1,56.0
18.1,93.0
22.8,61.0
21.0,88.0
33.4,76.0
24.4,99.0
36.4,12.0
17.1,80.0
18.1,74.0
19.1,61.0
28.7,57.0
28.3,57.0
24.3,71.0
33.7,64.0
24.4,33.0
14.0,88.0
14.0,87.0
16.6,83.0
14.7,99.0
16.5,62.0
35.3,69.0
33.6,64.0
18.4,98.0
23.3,73.0
33.8,38.0
18.8,67.0
18.8,96.0
24.6,78.0
26.6,70.0
36.5,70.0
26.7,73.0
28.4,66.0
17.2,61.0
22.6,60.0
36.5,45.0
26.8,48.0
20.5,66.0
24.7,55.0
26.5,74.0
17.9,60.0
30.2,65.0
15.4,47.0
32.7,55.0
31.5,59.0
39.9,11.0
11.6,100.0
25.1,75.0
21.9,46.0
32.9,47.0
23.6,49.0
17.4,85.0
13.6,89.0
22.2,77.0
32.4,29.0
17.2,51.0
16.0,78.0
35.9,78.0
21.3,47.0
20.0,78.0
10.8,98.0
16.5,88.0
17.2,83.0
23.7,93.0
21.5,56.0
21.4,96.0
26.3,84.0
24.6,81.0
22.0,63.0
18.5,91.0
24.2,68.0
30.5,67.0
28.7,77.0
28.2,44.0
19.3,61.0
13.7,76.0
31.3,74.0
33.4,77.0
23.0,64.0
26.4,89.0
19.7,91.0
23.5,46.0
40.0,33.0
22.4,76.0
25.0,81.0
23.3,70.0
35.2,35.0
26.9,28.0
20.5,52.0
17.5,73.0
18.8,63.0
17.6,60.0
19.8,42.0
23.3,49.0
26.8,68.0
9.9,95.0
23.8,56.0
27.8,47.0
19.5,50.0
16.0,93.0
23.3,74.0
24.3,66.0
26.7,54.0
17.3,76.0
25.8,78.0
37.2,36.0
35.7,17.0
21.5,73.0
15.2,92.0
23.5,35.0
30.6,55.0
17.3,89.0
33.6,68.0
19.1,68.0
12.8,79.0
37.0,38.0
15.3,69.0
37.3,5.0
23.2,64.0
21.1,61.0
27.7,64.0
33.1,77.0
11.0,93.0
30.8,50.0
26.6,40.0
24.7,22.0
16.2,62.0
19.1,69.0
16.1,76.0
15.8,74.0
13.2,99.0
27.0,40.0
18.2,55.0
27.2,56.0
25.4,77.0
36.2,10.0
24.1,71.0
22.1,90.0
10.5,82.0
24.0,65.0
29.4,58.0
23.5,45.0
36.0,74.0
29.1,74.0
32.7,69.0
15.7,95.0
13.3,94.0
23.7,68.0
13.9,72.0
23.3,95.0
18.6,73.0
33.7,56.0
20.1,76.0
34.2,60.0
20.7,53.0
17.0,93.0
27.0,88.0
26.7,35.0
18.6,99.0
30.9,81.0
23.2,77.0
29.4,96.0
21.1,81.0
24.2,98.0
28.9,62.0
25.5,78.0
21.3,71.0
15.3,87.0
16.8,57.0
14.7,61.0
30.2,50.0
27.6,78.0
25.3,74.0
31.5,87.0
30.4,57.0
16.3,79.0
27.2,100.0
35.2,53.0
32.1,46.0
16.3,84.0
29.3,77.0
18.9,70.0
19.2,76.0
18.2,84.0
25.8,89.0
20.3,72.0
35.9,58.0
23.0,76.0
17.6,85.0
25.3,82.0
38.8,26.0
28.0,48.0
11.9,88.0
17.4,60.0
17.5,95.0
17.7,95.0
19.3,47.0
16.2,39.0
31.3,43.0
21.4,99.0
12.8,98.0
25.0,61.0
34.9,22.0
30.4,64.0
16.1,72.0
22.3,60.0
20.6,67.0
13.3,49.0
21.0,85.0
21.9,63.0
18.5,99.0
32.0,31.0
8.4,85.0
24.9,94.0
29.0,38.0
6.8,98.0
25.9,21.0
20.2,91.0
21.1,56.0
19.4,84.0
31.4,39.0
21.7,86.0
16.3,99.0
20.9,77.0
15.6,63.0
13.2,87.0
20.0,88.0
23.6,49.0
15.5,59.0
12.5,100.0
15.1,62.0
27.9,86.0
17.2,90.0
25.5,69.0
26.5,65.0
15.8,71.0
24.9,75.0
18.0,62.0
22.3,75.0
34.7,75.0
29.5,44.0
12.4,86.0
28.0,56.0
19.6,68.0
12.3,95.0
33.5,62.0
26.9,72.0
23.5,97.0
25.8,66.0
24.6,66.0
38.5,16.0
25.6,52.0
33.2,63.0
19.9,56.0
14.2,100.0
32.7,39.0
14.9,67.0
22.6,67.0
16.5,86.0
18.8,64.0
16.9,42.0
16.8,73.0
15.4,74.0
17.5,81.0
12.2,77.0
20.9,42.0
25.2,57.0
31.7,84.0
14.8,91.0
9.5,78.0
30.8,84.0
28.5,52.0
14.5,83.0
17.6,71.0
29.1,58.0
26.4,75.0
23.9,80.0
15.4,99.0
29.5,69.0
19.3,56.0
18.7,65.0
24.0,62.0
23.0,79.0
21.1,68.0
19.3,70.0
24.6,100.0
31.9,33.0
15.2,97.0
38.0,55.0
37.2,23.0
34.2,56.0
16.1,64.0
27.3,45.0
15.0,86.0
29.4,73.0
28.8,89.0
15.4,80.0
37.8,50.0
21.7,71.0
22.6,60.0
17.2,69.0
31.0,35.0
25.4,82.0
19.6,64.0
28.8,57.0
35.7,57.0
16.1,45.0
18.8,77.0
23.5,79.0
13.1,99.0
32.6,30.0
32.4,72.0
22.4,61.0
33.6,56.0
28.6,90.0
21.1,85.0
13.2,71.0
17.0,77.0
26.3,85.0
9.5,97.0
17.2,89.0
14.9,63.0
43.4,30.0
13.2,89.0
41.6,50.0
16.7,62.0
21.2,26.0
27.5,57.0
20.4,71.0
17.3,61.0
21.7,72.0
16.8,59.0
31.8,83.0
14.3,80.0
8.6,87.0
19.8,79.0
22.8,86.0
16.0,94.0
16.2,97.0
25.7,52.0
22.8,92.0
34.6,26.0
27.5,29.0
23.4,87.0
18.1,69.0
36.2,16.0
26.6,40.0
23.9,88.0
18.1,60.0
31.0,86.0
27.2,89.0
33.7,63.0
33.2,53.0
37.8,22.0
27.8,63.0
30.0,59.0
17.8,91.0
13.3,88.0
33.2,56.0
25.8,87.0
22.4,59.0
34.7,72.0
20.5,52.0
13.1,98.0
18.4,77.0
20.9,74.0
26.5,45.0
18.0,74.0
15.7,60.0
14.3,72.0
25.6,76.0
20.2,96.0
20.0,64.0
21.5,82.0
28.3,58.0
24.1,76.0
38.1,40.0
37.1,59.0
16.5,76.0
29.2,72.0
34.9,63.0
19.4,88.0
31.9,88.0
28.0,72.0
30.9,58.0
22.6,65.0
22.5,61.0
29.2,60.0
31.1,64.0
28.7,59.0
28.7,75.0
24.1,67.0
21.8,55.0
26.3,78.0
31.3,43.0
25.0,44.0
24.9,89.0
31.7,85.0
29.6,57.0
29.1,26.0
31.3,84.0
29.3,62.0
19.9,63.0
22.6,45.0
19.4,73.0
24.2,84.0
26.4,92.0
19.0,69.0
28.3,64.0
24.7,82.0
17.2,59.0
31.2,48.0
28.6,84.0
16.5,94.0
13.7,99.0
25.0,97.0
19.6,88.0
39.8,36.0
14.7,76.0
18.3,80.0
29.4,80.0
12.2,75.0
22.6,89.0
15.4,66.0
38.4,35.0
14.6,90.0
25.7,59.0
19.8,63.0
17.3,58.0
23.6,79.0
15.8,58.0
22.1,56.0
18.3,68.0
20.6,95.0
41.0,59.0
26.3,64.0
23.0,57.0
22.3,81.0
17.7,95.0
23.8,69.0
32.5,62.0
24.2,72.0
20.9,77.0
22.3,64.0
15.9,99.0
30.9,42.0
25.2,66.0
32.9,84.0
17.9,81.0
18.5,57.0
26.1,72.0
18.0,65.0
14.0,74.0
16.6,92.0
18.3,94.0
17.5,84.0
28.8,36.0
14.1,74.0
24.4,47.0
23.4,59.0
15.0,57.0
23.2,78.0
14.8,90.0
23.5,56.0
36.0,78.0
26.3,77.0
26.4,48.0
32.0,48.0
19.7,100.0
21.3,81.0
27.4,73.0
15.0,72.0
25.2,39.0
25.8,71.0
34.4,55.0
18.2,70.0
22.7,71.0
19.4,70.0
15.0,89.0
20.5,96.0
21.9,98.0
14.0,96.0
15.4,50.0
26.4,38.0
30.8,90.0
15.1,77.0
22.6,81.0
23.8,88.0
11.6,49.0
27.5,89.0
25.3,55.0
27.3,49.0
19.2,91.0
14.6,83.0
24.4,100.0
41.3,27.0
26.7,77.0
28.3,60.0
23.0,56.0
31.8,68.0
26.8,67.0
13.0,63.0
11.3,82.0
30.7,37.0
22.2,71.0
21.3,92.0
18.0,77.0
18.5,71.0
21.5,83.0
14.1,97.0
24.8,77.0
17.4,98.0
29.0,81.0
17.2,94.0
22.8,53.0
14.9,66.0
21.2,92.0
23.1,70.0
14.3,93.0
18.6,43.0
27.9,46.0
20.3,57.0
21.6,54.0
16.2,99.0
17.0,81.0
30.6,100.0
14.2,69.0
27.0,28.0
35.4,36.0
16.1,61.0
15.8,87.0
37.6,46.0
36.9,42.0
21.8,40.0
24.3,46.0
22.1,83.0
27.7,69.0
17.3,79.0
24.6,89.0
25.4,52.0
39.5,44.0
33.5,24.0
22.7,48.0
27.7,87.0
23.9,85.0
16.2,74.0
12.2,73.0
23.7,47.0
30.4,66.0
22.7,58.0
30.5,68.0
13.0,71.0
30.9,51.0
14.5,74.0
23.8,87.0
18.1,73.0
33.8,57.0
17.7,81.0
35.6,37.0
21.0,62.0
28.7,50.0
17.9,43.0
26.2,88.0
23.5,44.0
24.0,60.0
23.3,75.0
32.9,76.0
29.8,49.0
13.7,93.0
27.8,59.0
19.3,60.0
17.0,99.0
22.3,76.0
21.4,58.0
15.4,79.0
27.7,73.0
17.8,64.0
23.4,77.0
32.4,60.0
13.7,85.0
12.4,93.0
33.5,42.0
28.9,52.0
25.4,61.0
24.9,58.0
31.0,75.0
17.3,57.0
31.6,62.0
20.8,43.0
19.3,100.0
30.3,88.0
17.1,96.0
22.2,41.0
9.2,100.0
36.5,53.0
9.8,98.0
19.7,60.0
24.9,57.0
16.8,77.0
19.5,75.0
18.8,89.0
20.3,72.0
31.2,49.0
12.2,80.0
4.3,69.0
22.4,99.0
22.6,91.0
17.7,74.0
28.8,93.0
26.4,84.0
30.0,49.0
21.2,53.0
25.4,69.0
28.7,76.0
22.0,87.0
26.0,54.0
15.8,64.0
31.3,52.0
26.0,72.0
36.6,12.0
35.0,35.0
16.8,74.0
33.9,53.0
15.6,67.0
14.3,78.0
23.2,76.0
5.0,86.0
28.5,57.0
23.4,75.0
17.8,80.0
19.8,81.0
16.1,83.0
22.2,59.0
22.2,84.0
27.1,56.0
36.1,45.0
36.1,51.0
12.7,85.0
12.4,90.0
32.0,37.0
15.0,87.0
16.3,58.0
34.5,83.0
30.4,92.0
32.1,34.0
25.5,58.0
23.4,54.0
32.0,45.0
35.3,46.0
13.9,78.0
36.4,38.0
27.9,34.0
24.3,82.0
21.7,83.0
19.6,62.0
9.8,66.0
28.0,37.0
34.4,54.0
21.3,62.0
28.2,48.0
18.0,47.0
34.6,85.0
12.5,75.0
18.7,65.0
22.3,80.0
24.8,71.0
26.7,79.0
26.6,56.0
27.2,85.0
18.8,89.0
28.8,76.0
33.5,84.0
27.9,93.0
21.5,60.0
23.3,100.0
15.4,67.0
23.1,75.0
21.6,54.0
26.7,59.0
14.7,63.0
14.7,98.0
26.6,67.0
25.6,38.0
30.6,33.0
8.8,58.0
13.8,51.0
12.9,97.0
34.0,84.0
15.8,88.0
20.5,64.0
16.8,45.0
16.0,79.0
18.1,96.0
16.8,71.0
20.2,66.0
3.7,97.0
26.0,71.0
32.2,76.0
31.7,57.0
34.0,57.0
18.3,49.0
25.5,79.0
18.6,56.0
26.6,33.0
32.9,69.0
25.8,90.0
24.5,64.0
30.5,55.0
24.1,99.0
19.9,56.0
35.1,57.0
37.1,37.0
30.0,56.0
21.6,89.0
24.4,70.0
11.2,100.0
20.3,99.0
17.6,88.0
18.5,85.0
29.0,70.0
27.3,67.0
15.8,90.0
13.9,65.0
39.5,47.0
20.0,95.0
31.0,46.0
19.2,72.0
20.4,83.0
37.7,55.0
23.1,68.0
16.9,83.0
24.5,81.0
28.0,55.0
33.6,63.0
27.4,58.0
19.5,61.0
15.4,89.0
22.0,54.0
30.2,89.0
21.3,58.0
15.5,71.0
25.8,60.0
23.4,65.0
20.0,68.0
32.6,94.0
24.0,83.0
30.7,35.0
28.8,92.0
29.1,73.0
22.2,71.0
18.8,61.0
32.7,58.0
6.8,95.0
18.4,51.0
12.2,82.0
16.8,48.0
31.8,74.0
6.3,33.0
17.6,86.0
24.7,73.0
20.4,72.0
15.3,72.0
23.9,79.0
33.4,47.0
13.1,67.0
22.3,96.0
24.9,62.0
29.8,43.0
28.1,73.0
17.9,75.0
23.2,44.0
29.5,64.0
28.1,68.0
23.9,39.0
30.3,79.0
17.0,74.0
32.2,63.0
13.1,91.0
18.6,69.0
17.8,74.0
23.9,63.0
13.6,65.0
39.4,27.0
21.3,98.0
18.9,62.0
23.0,54.0
37.3,20.0
26.8,90.0
27.0,85.0
24.5,58.0
6.0,97.0
17.5,89.0
15.1,63.0
27.3,54.0
36.6,90.0
18.5,81.0
10.2,96.0
26.1,65.0
33.8,38.0
26.5,85.0
18.5,60.0
20.2,92.0
23.6,100.0
32.3,71.0
16.4,53.0
26.5,67.0
21.2,86.0
18.1,93.0
25.7,38.0
17.9,99.0
31.3,54.0
16.6,89.0
24.7,49.0
16.6,93.0
32.4,70.0
16.9,97.0
25.8,56.0
21.6,70.0
34.9,41.0
40.5,15.0
20.4,96.0
22.5,65.0
19.1,84.0
18.4,44.0
25.3,65.0
39.5,41.0
17.8,86.0
26.6,69.0
17.4,73.0
18.5,79.0
28.7,53.0
35.0,41.0
33.3,77.0
25.1,93.0
19.9,45.0
27.6,77.0
19.4,58.0
17.3,95.0
18.0,68.0
19.6,81.0
28.0,78.0
36.6,41.0
35.7,73.0
28.1,64.0
26.6,64.0
30.9,66.0
29.1,49.0
14.4,99.0
14.1,97.0
27.8,73.0
13.2,99.0
29.8,50.0
7.6,81.0
33.1,74.0
20.6,52.0
35.4,46.0
29.4,81.0
23.4,72.0
25.4,48.0
20.8,56.0
19.4,68.0
25.2,72.0
18.4,68.0
20.2,53.0
17.3,72.0
34.0,51.0
34.8,36.0
22.7,39.0
35.2,52.0
13.8,54.0
30.8,70.0
15.7,84.0
20.9,52.0
21.0,89.0
30.1,57.0
29.0,68.0
10.5,81.0
19.7,25.0
8.9,98.0
34.6,38.0
32.4,76.0
32.1,79.0
31.6,59.0
24.5,75.0
26.0,66.0
24.6,45.0
13.3,82.0
24.0,48.0
18.6,43.0
23.1,81.0
23.4,65.0
25.0,62.0
28.6,85.0
20.4,59.0
33.1,78.0
22.7,44.0
39.4,34.0
32.1,71.0
21.2,26.0
28.2,64.0
33.6,59.0
14.9,74.0
35.1,8.0
33.7,36.0
24.7,66.0
21.3,72.0
13.7,99.0
15.4,51.0
14.6,89.0
30.0,97.0
41.1,25.0
21.6,42.0
24.0,54.0
13.2,71.0
20.3,83.0
22.4,57.0
23.8,81.0
20.7,75.0
35.4,53.0
36.2,54.0
23.1,72.0
20.2,48.0
35.0,62.0
29.2,72.0
37.6,42.0
15.0,99.0
19.8,82.0
22.2,55.0
25.9,76.0
22.3,40.0
30.2,21.0
33.5,57.0
13.5,67.0
18.9,64.0
35.6,62.0
32.3,60.0
27.6,29.0
14.7,99.0
27.7,78.0
19.2,36.0
19.7,55.0
17.4,80.0
20.7,86.0
12.4,76.0
24.6,73.0
24.2,47.0
21.1,59.0
19.5,88.0
32.1,74.0
22.9,72.0
17.0,87.0
26.7,53.0
25.0,72.0
28.8,72.0
12.6,72.0
16.6,73.0
16.0,89.0
22.0,91.0
35.0,81.0
42.5,21.0
17.0,43.0
18.2,88.0
18.1,97.0
18.8,60.0
16.5,93.0
20.4,99.0
19.1,60.0
17.8,49.0
28.2,53.0
30.0,45.0
31.2,90.0
25.0,94.0
15.5,73.0
16.7,76.0
20.6,68.0
40.7,15.0
28.5,83.0
15.5,55.0
18.7,90.0
23.6,52.0
19.6,100.0
13.6,64.0
20.5,71.0
27.7,47.0
34.1,75.0
32.1,69.0
26.1,44.0
17.0,91.0
19.0,45.0
28.1,55.0
31.7,20.0
29.9,78.0
25.6,93.0
31.1,60.0
23.6,56.0
20.0,57.0
15.5,50.0
16.6,93.0
27.1,83.0
28.5,87.0
28.0,17.0
23.9,52.0
10.1,98.0
17.7,99.0
24.1,85.0
18.4,52.0
29.5,100.0
29.3,46.0
22.2,83.0
19.4,67.0
23.5,65.0
28.9,64.0
13.4,98.0
26.1,71.0
26.8,69.0
17.2,96.0
28.2,77.0
26.8,85.0
20.9,58.0
30.3,71.0
35.3,34.0
23.4,68.0
26.4,57.0
33.8,64.0
24.9,69.0
24.8,70.0
14.8,70.0
24.5,75.0
26.2,60.0
28.7,90.0
21.0,60.0
22.8,70.0
23.8,79.0
28.4,75.0
37.6,53.0
13.4,88.0
16.6,81.0
12.2,63.0
34.0,52.0
30.4,65.0
27.5,59.0
22.2,85.0
22.4,77.0
34.3,66.0
26.9,40.0
31.2,48.0
34.2,19.0
34.9,27.0
30.0,58.0
33.6,65.0
17.1,75.0
23.8,44.0
33.0,93.0
26.3,80.0
22.8,73.0
18.7,86.0
29.4,94.0
32.6,41.0
18.8,56.0
13.8,94.0
20.3,73.0
41.8,17.0
18.1,97.0
12.2,72.0
19.6,49.0
33.0,72.0
19.1,67.0
19.3,81.0
16.4,49.0
29.4,34.0
18.3,76.0
35.7,54.0
24.7,60.0
25.4,79.0
22.2,59.0
13.8,77.0
31.5,46.0
22.8,71.0
24.9,52.0
20.8,79.0
23.0,53.0
29.0,60.0
23.1,68.0
25.5,99.0
22.9,83.0
28.3,51.0
22.1,100.0
24.9,82.0
27.3,57.0
26.0,73.0
14.0,68.0
28.7,76.0
40.6,11.0
24.0,49.0
24.6,67.0
19.3,100.0
20.3,79.0
20.2,66.0
26.7,87.0
25.3,72.0
28.8,59.0
30.7,28.0
31.3,72.0
33.7,16.0
12.5,62.0
16.0,82.0
12.3,80.0
15.9,64.0
17.1,88.0
32.7,64.0
24.8,52.0
29.3,73.0
12.7,76.0
27.2,82.0
36.1,61.0
42.5,18.0
32.0,24.0
34.1,29.0
19.6,44.0
18.3,70.0
19.6,84.0
29.4,65.0
31.0,68.0
32.9,76.0
16.0,79.0
15.8,85.0
30.2,72.0
27.0,55.0
25.7,76.0
18.9,72.0
17.8,91.0
23.5,76.0
17.8,76.0
33.2,29.0
17.5,73.0
33.9,23.0
42.3,30.0
12.1,100.0
17.5,88.0
16.1,79.0
12.9,93.0
27.3,64.0
29.4,69.0
21.9,43.0
25.7,45.0
15.8,99.0
22.0,63.0
16.9,85.0
36.0,43.0
21.5,47.0
28.4,42.0
21.9,71.0
20.3,67.0
26.7,77.0
21.0,65.0
27.9,53.0
20.4,56.0
34.9,40.0
30.8,61.0
21.1,91.0
23.1,67.0
17.2,91.0
24.5,90.0
38.0,14.0
25.2,82.0
13.5,96.0
24.3,85.0
18.8,87.0
18.6,76.0
16.7,100.0
19.7,69.0
17.5,61.0
28.2,62.0
18.1,64.0
22.5,72.0
18.8,61.0
11.9,91.0
23.0,72.0
25.4,84.0
23.3,72.0
16.8,69.0
20.8,75.0
25.6,56.0
19.0,84.0
15.8,99.0
32.4,66.0
24.6,79.0
31.3,48.0
19.6,70.0
37.5,29.0
30.3,73.0
18.2,96.0
22.7,62.0
17.8,62.0
29.4,60.0
16.8,75.0
20.9,76.0
27.4,81.0
26.1,87.0
35.0,73.0
32.5,78.0
25.2,66.0
24.2,47.0
15.5,68.0
30.5,59.0
20.5,89.0
12.1,99.0
16.3,78.0
16.9,92.0
11.3,79.0
41.1,19.0
23.7,85.0
13.6,81.0
19.9,67.0
29.6,80.0
29.9,79.0
21.8,61.0
14.4,99.0
21.2,99.0
17.3,65.0
17.7,57.0
35.6,76.0
15.1,69.0
21.5,69.0
19.0,89.0
29.9,66.0
15.4,61.0
25.0,90.0
13.1,82.0
21.3,58.0
20.3,74.0
25.7,64.0
14.3,83.0
31.1,32.0
26.6,75.0
20.3,74.0
34.0,32.0
18.2,86.0
25.6,73.0
19.5,53.0
27.2,83.0
15.2,51.0
31.8,26.0
24.9,72.0
22.1,72.0
30.7,52.0
4.0,97.0
35.6,24.0
13.3,69.0
20.2,68.0
13.8,87.0
20.8,58.0
16.6,82.0
38.8,44.0
22.1,69.0
18.7,70.0
27.2,77.0
14.6,62.0
14.4,85.0
16.3,73.0
25.1,83.0
21.4,51.0
38.3,30.0
17.8,100.0
25.9,88.0
33.2,50.0
31.9,16.0
29.9,61.0
28.4,72.0
20.3,45.0
37.4,68.0
28.9,72.0
17.2,43.0
22.5,67.0
15.3,99.0
10.7,80.0
15.9,60.0
21.4,51.0
31.8,76.0
21.1,95.0
15.2,68.0
30.2,66.0
13.0,99.0
15.6,87.0
26.6,59.0
24.7,72.0
18.7,48.0
17.3,69.0
21.8,66.0
22.7,72.0
39.4,11.0
30.1,56.0
26.3,99.0
15.8,77.0
12.3,82.0
22.3,59.0
23.0,71.0
31.8,73.0
22.2,63.0
18.6,92.0
15.4,84.0
23.6,68.0
26.3,45.0
17.2,74.0
12.9,87.0
23.3,61.0
33.7,16.0
27.2,75.0
35.8,51.0
25.5,64.0
34.0,83.0
29.2,70.0
13.0,81.0
35.3,57.0
25.2,65.0
24.8,81.0
21.1,87.0
20.3,76.0
26.2,68.0
30.4,67.0
20.4,59.0
11.6,76.0
8.3,31.0
15.8,98.0
24.5,67.0
31.8,82.0
31.3,72.0
19.7,46.0
14.3,85.0
22.5,59.0
18.7,61.0
9.3,89.0
31.4,87.0
31.4,44.0
37.4,84.0
15.7,87.0
32.4,68.0
19.4,45.0
30.0,91.0
14.2,98.0
31.2,44.0
25.3,54.0
17.9,89.0
21.7,65.0
24.0,63.0
30.0,50.0
13.4,79.0
25.2,63.0
17.4,68.0
21.7,55.0
14.5,66.0
39.7,9.0
19.6,88.0
31.4,55.0
15.0,86.0
21.2,86.0
26.0,73.0
18.8,92.0
9.4,96.0
39.3,17.0
23.0,49.0
24.1,50.0
35.8,20.0
31.2,53.0
14.1,87.0
26.5,87.0
10.7,61.0
31.2,51.0
23.0,69.0
25.8,44.0
25.6,66.0
18.5,68.0
38.9,61.0
21.4,51.0
31.5,50.0
36.2,55.0
21.1,100.0
16.2,63.0
33.7,88.0
14.3,100.0
32.6,46.0
35.9,66.0
21.6,74.0
27.4,71.0
30.3,70.0
35.3,25.0
19.4,65.0
4.9,95.0
14.1,91.0
19.7,60.0
31.6,48.0
26.8,33.0
15.6,55.0
32.9,48.0
27.1,97.0
19.4,60.0
29.7,67.0
25.0,69.0
29.3,77.0
27.3,58.0
22.5,67.0
31.2,91.0
12.5,72.0
16.4,100.0
33.9,61.0
23.4,52.0
21.3,56.0
17.9,58.0
20.4,38.0
20.4,68.0
26.6,72.0
25.7,61.0
31.4,48.0
17.6,94.0
26.7,62.0
22.0,78.0
18.6,81.0
30.0,44.0
19.2,95.0
23.7,39.0
13.8,90.0
31.6,56.0
35.3,12.0
31.3,67.0
24.9,96.0
30.6,54.0
27.9,37.0
26.4,89.0
24.4,94.0
20.9,62.0
15.5,88.0
16.9,95.0
26.2,75.0
14.2,99.0
26.4,64.0
24.1,67.0
22.5,83.0
13.4,73.0
23.8,44.0
26.8,54.0
25.0,77.0
33.1,55.0
25.3,53.0
27.1,94.0
23.1,75.0
12.9,86.0
12.4,68.0
32.8,69.0
34.6,64.0
26.8,53.0
23.3,72.0
30.0,83.0
20.4,62.0
15.3,71.0
26.5,55.0
28.1,76.0
15.0,55.0
-1.9,97.0
25.0,62.0
29.1,63.0
28.3,98.0
12.1,76.0
21.6,71.0
18.3,73.0
21.1,89.0
34.7,82.0
16.1,59.0
25.8,92.0
17.4,57.0
32.2,70.0
15.0,76.0
12.5,84.0
24.1,64.0
34.2,59.0
24.6,99.0
19.1,58.0
24.2,37.0
11.9,54.0
29.1,69.0
38.9,21.0
28.5,47.0
29.4,92.0
25.6,54.0
29.0,63.0
23.1,77.0
12.9,64.0
21.8,97.0
19.8,73.0
13.9,81.0
39.9,41.0
14.0,80.0
37.2,18.0
14.4,78.0
21.5,66.0
34.0,71.0
14.4,36.0
29.3,49.0
25.1,100.0
15.5,72.0
36.6,35.0
33.9,62.0
20.1,58.0
21.4,85.0
31.9,47.0
17.1,59.0
25.9,38.0
24.3,65.0
6.1,95.0
38.9,74.0
26.2,64.0
22.6,84.0
27.5,48.0
19.4,63.0
27.7,51.0
20.3,68.0
20.2,70.0
15.3,90.0
32.9,83.0
16.7,92.0
15.1,88.0
20.2,68.0
28.8,61.0
29.3,66.0
21.6,67.0
20.7,72.0
20.1,85.0
26.9,44.0
30.4,39.0
15.3,74.0
23.3,84.0
22.6,56.0
15.1,89.0
24.3,65.0
14.5,96.0
15.9,63.0
22.8,100.0
15.0,72.0
24.2,67.0
21.1,74.0
28.0,83.0
24.6,48.0
36.2,45.0
29.4,57.0
30.5,20.0
23.1,86.0
30.8,55.0
22.9,73.0
25.4,84.0
24.4,40.0
22.6,72.0
19.2,79.0
36.6,62.0
22.6,89.0
38.5,17.0
31.8,65.0
28.5,58.0
20.3,72.0
33.1,67.0
22.5,92.0
27.2,60.0
26.5,50.0
21.8,65.0
35.2,12.0
29.9,100.0
14.5,45.0
21.0,80.0
15.1,99.0
14.9,95.0
17.1,69.0
32.3,40.0
28.6,83.0
17.2,53.0
20.6,78.0
16.5,70.0
37.5,43.0
32.7,48.0
23.8,39.0
33.7,74.0
25.9,45.0
12.3,89.0
25.3,50.0
20.2,59.0
30.9,65.0
26.6,69.0
20.1,73.0
44.1,30.0
12.9,84.0
13.5,73.0
30.0,53.0
18.7,63.0
30.4,78.0
21.3,65.0
25.2,66.0
22.2,73.0
23.3,87.0
32.3,49.0
14.0,97.0
12.8,80.0
28.3,52.0
40.9,37.0
35.6,32.0
22.2,38.0
29.6,18.0
17.0,99.0
33.0,82.0
35.4,49.0
20.9,66.0
24.4,34.0
21.2,91.0
19.7,92.0
22.8,61.0
17.2,57.0
31.2,82.0
22.1,56.0
23.3,81.0
18.4,75.0
13.8,97.0
19.2,82.0
23.3,42.0
27.3,37.0
25.0,87.0
26.8,71.0
20.4,90.0
14.9,97.0
34.3,78.0
20.2,59.0
27.5,27.0
29.7,74.0
25.7,61.0
26.3,80.0
18.6,65.0
19.3,100.0
28.8,47.0
15.0,82.0
29.5,85.0
22.6,85.0
36.7,34.0
19.4,78.0
22.3,63.0
26.1,72.0
13.2,87.0
23.8,45.0
16.5,47.0
16.8,80.0
13.6,60.0
15.0,74.0
26.9,79.0
19.4,100.0
18.5,86.0
18.8,55.0
31.4,61.0
14.2,84.0
1.5,98.0
22.3,66.0
27.2,41.0
31.3,41.0
19.2,89.0
11.8,96.0
20.1,93.0
24.0,73.0
21.3,97.0
24.5,100.0
32.1,82.0
24.2,55.0
20.4,59.0
19.7,80.0
14.7,93.0
26.8,75.0
13.3,57.0
20.2,70.0
27.5,99.0
28.8,72.0
16.1,96.0
40.0,59.0
25.8,66.0
11.1,75.0
34.0,63.0
16.7,97.0
36.4,62.0
19.0,57.0
15.8,64.0
21.2,74.0
20.7,74.0
39.4,33.0
23.2,39.0
21.5,90.0
24.6,87.0
17.2,84.0
14.3,90.0
27.9,53.0
16.5,79.0
30.1,57.0
11.8,84.0
32.7,77.0
17.6,86.0
25.4,66.0
21.7,51.0
25.5,92.0
26.5,86.0
28.3,46.0
25.4,53.0
33.1,55.0
29.5,79.0
27.4,46.0
7.9,86.0
13.2,99.0
20.7,70.0
18.7,64.0
19.6,71.0
17.8,37.0
31.6,71.0
24.3,57.0
26.1,73.0
34.5,52.0
14.2,75.0
19.5,69.0
20.2,69.0
20.3,97.0
33.4,66.0
26.8,98.0
20.4,82.0
20.1,74.0
21.6,58.0
19.1,88.0
32.9,91.0
33.3,68.0
15.9,87.0
25.3,79.0
14.1,100.0
35.1,28.0
26.3,100.0
20.6,93.0
22.4,43.0
20.3,61.0
12.0,84.0
23.3,88.0
27.2,69.0
16.1,41.0
10.5,67.0
11.2,90.0
14.1,63.0
11.8,99.0
21.7,60.0
35.6,64.0
20.1,47.0
10.4,41.0
17.2,58.0
33.6,75.0
29.1,55.0
32.3,75.0
29.0,72.0
31.4,75.0
23.9,79.0
24.5,85.0
26.0,87.0
32.0,59.0
19.6,78.0
23.5,51.0
20.8,75.0
31.2,26.0
26.8,72.0
26.2,89.0
19.3,65.0
17.1,84.0
30.6,48.0
27.8,45.0
27.4,56.0
21.6,75.0
24.9,57.0
35.0,45.0
29.8,83.0
43.5,22.0
27.1,58.0
29.6,73.0
25.2,67.0
33.6,52.0
24.0,43.0
29.4,66.0
28.1,53.0
16.1,56.0
19.7,57.0
14.4,88.0
24.0,43.0
27.9,58.0
18.8,72.0
25.9,91.0
31.3,64.0
20.5,89.0
21.9,43.0
30.1,73.0
19.0,56.0
19.3,63.0
38.4,63.0
12.6,91.0
23.5,77.0
17.6,47.0
25.4,37.0
36.7,38.0
14.7,92.0
26.0,39.0
18.6,74.0
12.3,84.0
28.8,42.0
23.2,44.0
34.0,70.0
17.6,89.0
38.9,14.0
15.7,97.0
30.2,80.0
-1.3,98.0
20.4,65.0
28.4,98.0
24.0,76.0
23.8,86.0
33.8,54.0
17.2,65.0
22.1,93.0
15.6,99.0
10.9,63.0
13.8,87.0
15.2,69.0
20.5,52.0
21.2,83.0
29.5,65.0
27.7,94.0
23.9,81.0
27.3,57.0
30.5,57.0
25.0,48.0
12.2,65.0
28.8,61.0
15.9,81.0
20.9,53.0
41.2,54.0
6.2,100.0
26.7,55.0
25.7,89.0
20.5,58.0
11.0,94.0
29.7,69.0
12.4,79.0
31.8,53.0
14.6,95.0
29.6,73.0
25.0,50.0
31.4,46.0
24.3,56.0
22.7,90.0
17.2,88.0
13.2,96.0
28.0,77.0
34.2,76.0
18.7,74.0
42.4,26.0
31.7,77.0
21.2,94.0
34.6,44.0
32.3,76.0
35.5,32.0
26.6,45.0
33.2,61.0
21.6,76.0
21.6,66.0
22.2,50.0
14.1,94.0
19.0,61.0
22.7,78.0
26.3,63.0
23.8,74.0
16.3,81.0
26.0,73.0
24.6,66.0
28.7,70.0
24.5,59.0
21.3,81.0
39.2,27.0
14.1,95.0
0.6,97.0
26.7,82.0
32.1,56.0
31.4,38.0
31.5,70.0
19.1,70.0
13.9,86.0
15.4,86.0
18.5,94.0
24.0,84.0
11.8,86.0
24.6,50.0
19.5,79.0
17.4,81.0
17.8,89.0
20.1,58.0
33.4,96.0
29.1,56.0
32.9,61.0
26.6,66.0
21.4,66.0
15.9,99.0
28.1,91.0
16.0,87.0
20.4,100.0
26.2,43.0
32.8,42.0
29.4,54.0
19.8,65.0
19.5,85.0
13.0,78.0
29.9,81.0
12.1,87.0
18.0,81.0
35.8,38.0
29.7,86.0
15.9,52.0
23.4,62.0
17.8,60.0
24.8,63.0
37.7,31.0
30.9,81.0
22.7,43.0
28.2,86.0
22.7,63.0
32.7,42.0
40.4,35.0
19.0,69.0
18.5,100.0
19.5,82.0
29.0,79.0
32.6,89.0
18.9,87.0
24.6,51.0
34.6,22.0
21.3,55.0
23.2,45.0
30.3,40.0
33.9,52.0
18.3,59.0
26.6,69.0
24.3,65.0
33.4,60.0
20.2,59.0
28.2,95.0
22.8,83.0
19.0,100.0
11.5,83.0
19.8,84.0
10.5,71.0
28.6,37.0
34.5,70.0
24.0,83.0
28.8,65.0
18.9,47.0
20.6,78.0
20.5,52.0
26.1,61.0
10.5,76.0
13.0,75.0
26.5,72.0
25.3,51.0
28.1,90.0
35.2,54.0
27.1,68.0
17.2,96.0
39.3,46.0
30.6,59.0
42.5,17.0
40.4,63.0
17.4,85.0
30.6,38.0
18.8,74.0
23.0,69.0
14.3,96.0
32.0,81.0
18.7,64.0
21.6,62.0
26.2,80.0
17.8,65.0
25.7,56.0
14.7,84.0
20.2,83.0
15.2,89.0
29.1,46.0
20.4,89.0
21.2,59.0
26.2,68.0
26.8,83.0
21.4,52.0
21.1,51.0
16.9,94.0
29.4,61.0
22.8,85.0
19.3,55.0
17.6,72.0
26.0,90.0
29.2,90.0
18.6,82.0
21.0,61.0
34.2,68.0
21.6,80.0
17.1,96.0
18.3,46.0
28.1,60.0
29.1,45.0
29.6,64.0
23.6,82.0
18.9,94.0
19.9,70.0
32.5,64.0
25.3,74.0
20.4,49.0
18.8,98.0
12.2,66.0
15.2,94.0
37.8,25.0
29.4,47.0
25.5,78.0
5.0,98.0
28.2,61.0
9.3,78.0
23.5,67.0
16.8,66.0
20.4,63.0
21.7,73.0
22.7,88.0
18.3,53.0
14.4,93.0
21.9,87.0
12.1,99.0
29.0,52.0
16.6,97.0
29.3,51.0
33.5,57.0
20.6,71.0
35.1,30.0
32.5,40.0
31.3,63.0
22.1,79.0
16.8,65.0
15.5,65.0
12.1,99.0
31.5,62.0
34.5,74.0
21.6,72.0
36.5,40.0
19.5,89.0
15.7,78.0
21.4,56.0
12.7,72.0
34.5,18.0
15.0,92.0
46.7,38.0
18.9,51.0
16.0,69.0
16.5,98.0
15.8,64.0
25.4,60.0
29.8,55.0
19.3,98.0
23.4,56.0
18.5,64.0
30.4,57.0
16.4,68.0
33.4,45.0
14.9,99.0
12.8,90.0
25.0,64.0
23.3,51.0
23.5,67.0
13.2,99.0
16.3,71.0
26.9,58.0
28.7,52.0
27.3,46.0
26.0,70.0
18.4,96.0
26.4,53.0
15.2,79.0
15.6,76.0
21.2,73.0
24.5,63.0
33.6,43.0
28.8,91.0
21.7,90.0
16.5,73.0
29.5,57.0
13.4,100.0
25.3,87.0
13.5,81.0
16.7,68.0
21.8,71.0
19.6,61.0
31.3,77.0
27.8,59.0
17.2,99.0
27.2,75.0
26.3,88.0
35.0,73.0
29.3,68.0
19.0,99.0
20.4,51.0
26.1,61.0
27.2,77.0
36.7,23.0
18.9,91.0
23.7,62.0
26.1,84.0
30.7,58.0
18.9,43.0
19.8,46.0
39.7,25.0
25.0,79.0
19.5,95.0
39.0,44.0
15.9,84.0
19.6,97.0
11.9,89.0
26.0,57.0
35.0,76.0
7.4,98.0
23.8,61.0
28.8,49.0
18.8,52.0
25.0,60.0
42.0,59.0
19.5,81.0
27.3,57.0
22.2,46.0
26.7,77.0
20.5,50.0
32.8,35.0
25.1,72.0
15.3,89.0
32.8,31.0
28.6,61.0
23.4,85.0
19.1,93.0
20.6,64.0
11.4,93.0
9.5,84.0
17.8,84.0
28.1,61.0
30.4,54.0
31.8,58.0
24.2,56.0
19.8,82.0
32.9,48.0
14.4,86.0
12.5,63.0
32.7,43.0
35.1,58.0
16.4,62.0
16.9,68.0
17.3,99.0
22.0,74.0
30.3,96.0
26.0,38.0
32.1,30.0
17.4,71.0
16.8,98.0
13.6,100.0
26.9,69.0
37.8,24.0
32.7,44.0
17.9,57.0
28.8,85.0
27.9,71.0
21.2,94.0
23.6,90.0
23.9,64.0
23.2,52.0
18.5,95.0
23.4,64.0
17.8,76.0
38.5,31.0
26.8,77.0
25.9,86.0
25.9,54.0
26.5,42.0
24.3,61.0
24.1,87.0
36.4,70.0
27.2,59.0
19.8,64.0
15.8,75.0
24.3,64.0
31.1,71.0
24.6,26.0
26.1,26.0
28.8,36.0
25.9,57.0
26.7,46.0
17.8,73.0
30.4,58.0
15.6,79.0
23.0,44.0
20.1,71.0
25.0,28.0
34.6,68.0
26.3,63.0
23.3,67.0
22.4,88.0
25.0,48.0
26.8,50.0
34.9,62.0
33.3,73.0
12.8,72.0
30.3,66.0
34.5,57.0
24.9,82.0
26.3,65.0
25.7,48.0
25.7,67.0
17.0,87.0
34.9,57.0
23.3,88.0
34.8,45.0
20.8,50.0
16.2,69.0
20.9,67.0
16.6,80.0
19.5,75.0
19.5,56.0
29.5,66.0
17.1,94.0
14.9,75.0
36.0,34.0
27.3,67.0
22.1,75.0
30.7,21.0
32.7,73.0
22.0,48.0
15.5,70.0
18.3,81.0
11.4,99.0
31.7,80.0
18.2,77.0
28.3,56.0
20.5,77.0
23.9,83.0
29.6,68.0
27.7,66.0
14.0,63.0
13.3,54.0
11.2,76.0
11.8,98.0
30.4,95.0
40.3,41.0
34.3,50.0
23.3,36.0
12.8,75.0
31.6,55.0
24.2,81.0
17.8,100.0
35.3,37.0
28.8,90.0
13.7,84.0
23.2,36.0
40.9,16.0
29.6,17.0
15.6,90.0
33.3,51.0
23.7,67.0
23.2,45.0
26.2,18.0
16.5,63.0
27.2,85.0
23.3,46.0
29.0,55.0
40.7,79.0
23.3,74.0
15.6,90.0
19.1,92.0
18.8,65.0
31.5,51.0
31.8,77.0
32.2,52.0
27.2,98.0
19.2,67.0
24.5,95.0
24.9,52.0
35.7,37.0
27.9,82.0
20.1,73.0
15.8,100.0
21.9,59.0
17.5,81.0
34.5,8.0
32.0,36.0
14.4,94.0
13.3,73.0
14.7,76.0
34.7,48.0
33.1,57.0
23.4,52.0
14.8,51.0
33.0,33.0
26.1,57.0
13.4,99.0
22.8,37.0
17.0,80.0
12.6,55.0
22.6,62.0
14.6,83.0
20.9,91.0
17.8,72.0
13.5,90.0
30.2,49.0
29.4,71.0
26.5,82.0
13.3,91.0
17.5,44.0
32.8,59.0
15.5,72.0
26.1,48.0
24.5,22.0
15.2,98.0
18.4,95.0
31.4,68.0
21.1,62.0
30.0,60.0
15.2,77.0
10.8,96.0
18.9,98.0
19.3,76.0
27.0,89.0
16.9,79.0
30.3,71.0
33.3,79.0
29.8,59.0
18.4,65.0
18.9,69.0
21.7,62.0
19.0,76.0
13.9,100.0
21.0,89.0
31.1,85.0
21.4,60.0
26.1,93.0
18.5,66.0
20.6,87.0
31.3,56.0
12.6,53.0
22.3,69.0
15.6,67.0
29.9,54.0
33.6,66.0
13.4,99.0
24.1,51.0
18.5,92.0
33.9,44.0
34.6,25.0
19.2,94.0
38.2,25.0
24.8,84.0
26.3,30.0
26.6,57.0
25.0,73.0
23.1,54.0
27.8,75.0
16.0,54.0
24.1,65.0
22.4,75.0
14.5,93.0
35.7,34.0
20.3,52.0
20.5,64.0
26.2,74.0
32.7,76.0
27.6,82.0
19.0,76.0
28.0,49.0
23.1,65.0
28.0,72.0
15.4,71.0
16.3,96.0
19.7,71.0
27.2,65.0
18.2,98.0
18.2,84.0
24.5,54.0
18.6,76.0
16.7,69.0
11.4,91.0
24.2,49.0
31.4,39.0
39.4,37.0
36.1,40.0
17.7,58.0
20.0,81.0
20.9,68.0
31.1,56.0
15.7,97.0
26.3,80.0
23.5,66.0
34.9,88.0
33.2,48.0
30.6,58.0
28.8,51.0
8.0,99.0
24.6,82.0
14.2,71.0
20.6,92.0
29.1,59.0
24.7,71.0
31.1,75.0
19.8,98.0
21.1,62.0
13.8,96.0
22.6,69.0
18.2,94.0
29.7,56.0
22.0,92.0
28.0,73.0
17.4,83.0
17.5,74.0
33.8,59.0
11.2,88.0
39.2,58.0
12.6,99.0
12.7,90.0
37.8,54.0
20.5,84.0
26.6,69.0
30.4,68.0
22.6,86.0
36.3,82.0
14.6,65.0
31.0,34.0
17.2,96.0
22.4,38.0
22.6,51.0
2.9,97.0
13.9,94.0
28.9,85.0
28.2,41.0
23.9,65.0
21.4,91.0
25.2,33.0
17.9,53.0
29.2,82.0
26.7,66.0
15.9,94.0
17.6,71.0
35.2,67.0
25.1,74.0
35.3,30.0
12.4,97.0
18.0,56.0
15.8,76.0
16.2,60.0
26.1,71.0
12.4,65.0
31.3,62.0
28.8,82.0
34.0,62.0
15.9,54.0
38.1,70.0
18.5,100.0
24.3,50.0
31.8,72.0
19.5,88.0
17.0,70.0
14.5,62.0
17.5,92.0
33.1,22.0
34.3,81.0
27.3,74.0
20.2,54.0
25.7,77.0
38.7,19.0
19.9,70.0
20.7,73.0
33.7,46.0
32.6,87.0
16.2,91.0
17.6,79.0
20.5,50.0
27.8,38.0
30.4,50.0
20.5,71.0
31.1,57.0
17.9,55.0
29.2,49.0
21.1,49.0
28.1,38.0
25.5,64.0
40.2,42.0
27.0,66.0
27.6,63.0
24.0,57.0
11.9,91.0
18.0,100.0
25.1,52.0
20.2,64.0
21.9,54.0
13.7,85.0
28.3,95.0
19.9,65.0
18.4,81.0
13.2,83.0
22.7,94.0
23.6,57.0
34.5,50.0
14.4,61.0
11.7,82.0
15.9,88.0
15.5,78.0
16.4,74.0
27.7,57.0
31.6,23.0
38.0,67.0
18.6,74.0
15.0,84.0
34.5,56.0
12.2,86.0
19.5,76.0
21.6,42.0
18.9,78.0
39.2,14.0
13.5,62.0
20.4,50.0
28.2,76.0
21.1,80.0
20.3,52.0
27.6,54.0
22.4,81.0
14.5,64.0
31.2,96.0
23.2,42.0
29.9,79.0
14.9,93.0
28.6,78.0
31.2,45.0
35.5,53.0
26.3,63.0
25.4,66.0
22.5,30.0
14.8,73.0
22.8,90.0
12.3,79.0
31.5,77.0
29.7,61.0
16.7,86.0
17.6,63.0
19.0,61.0
25.9,82.0
23.1,31.0
14.6,79.0
20.8,64.0
24.8,63.0
26.1,59.0
30.6,79.0
25.5,66.0
26.8,81.0
23.3,63.0
36.6,49.0
15.7,99.0
30.5,72.0
28.1,38.0
24.1,75.0
15.9,65.0
23.7,99.0
14.0,100.0
25.3,55.0
13.0,91.0
22.4,44.0
16.2,78.0
26.4,64.0
21.8,60.0
22.2,68.0
27.6,70.0
27.4,82.0
21.9,61.0
28.0,100.0
13.6,73.0
19.3,81.0
11.3,97.0
20.7,44.0
25.4,67.0
23.1,37.0
11.8,98.0
11.3,92.0
22.4,76.0
26.2,60.0
26.1,65.0
29.5,45.0
21.1,93.0
18.7,60.0
23.7,34.0
16.5,59.0
40.5,3.0
17.7,58.0
19.5,37.0
22.8,86.0
35.1,99.0
24.5,53.0
19.7,65.0
17.0,85.0
29.5,84.0
17.3,76.0
31.5,72.0
16.2,59.0
26.8,77.0
23.6,39.0
25.1,67.0
20.1,89.0
29.1,60.0
13.5,91.0
17.5,58.0
15.2,76.0
27.9,68.0
17.3,98.0
32.1,82.0
21.2,40.0
20.0,55.0
24.0,98.0
28.2,37.0
22.9,66.0
29.3,71.0
32.2,45.0
27.7,66.0
26.5,76.0
17.1,61.0
14.8,86.0
19.7,72.0
12.2,87.0
16.1,67.0
37.9,6.0
18.4,64.0
32.9,35.0
31.0,44.0
19.6,67.0
17.3,89.0
23.3,87.0
25.0,63.0
21.8,66.0
33.1,65.0
36.1,59.0
17.2,65.0
21.6,80.0
26.5,86.0
25.0,61.0
19.5,64.0
16.4,78.0
41.3,32.0
40.4,75.0
10.7,100.0
17.0,65.0
31.0,52.0
23.3,99.0
20.4,92.0
27.4,42.0
17.2,100.0
14.9,42.0
23.6,89.0
10.7,48.0
21.3,71.0
20.7,56.0
27.8,66.0
15.1,74.0
17.1,99.0
24.6,63.0
16.1,95.0
17.6,99.0
22.5,83.0
19.4,58.0
32.0,62.0
28.1,99.0
17.8,93.0
31.1,27.0
24.6,62.0
16.1,80.0
17.9,59.0
31.1,56.0
8.7,98.0
26.2,97.0
37.7,37.0
22.8,81.0
18.8,70.0
28.4,81.0
30.5,80.0
16.7,78.0
16.3,70.0
27.2,53.0
15.6,76.0
15.0,83.0
14.5,100.0
21.1,71.0
17.4,53.0
20.7,63.0
11.9,69.0
23.0,78.0
25.7,84.0
20.4,67.0
24.8,54.0
24.4,60.0
15.0,75.0
14.0,95.0
16.6,94.0
23.6,64.0
26.5,76.0
19.1,88.0
28.8,79.0
19.6,65.0
21.6,62.0
19.2,71.0
17.1,93.0
22.6,74.0
19.6,51.0
20.9,58.0
12.3,95.0
19.3,50.0
18.9,66.0
20.9,72.0
25.0,59.0
18.7,80.0
32.1,49.0
32.2,86.0
27.7,76.0
21.5,61.0
15.6,84.0
17.3,83.0
20.4,86.0
30.8,65.0
33.8,51.0
29.6,73.0
18.9,81.0
19.3,83.0
15.5,72.0
27.9,58.0
16.8,70.0
27.9,66.0
22.2,83.0
21.5,94.0
26.3,72.0
30.7,51.0
31.9,28.0
23.9,80.0
27.8,72.0
25.5,95.0
26.3,71.0
30.2,47.0
15.6,76.0
25.6,48.0
26.7,45.0
21.0,69.0
9.4,56.0
21.2,56.0
31.3,37.0
33.0,78.0
18.5,81.0
13.4,99.0
21.3,82.0
12.6,99.0
26.9,73.0
25.4,66.0
23.7,43.0
11.3,97.0
25.8,89.0
19.1,46.0
16.5,78.0
13.5,83.0
14.6,89.0
23.4,66.0
29.3,23.0
20.5,82.0
12.2,95.0
24.6,45.0
13.6,85.0
20.5,75.0
17.2,56.0
28.8,31.0
19.6,79.0
15.3,79.0
13.4,79.0
14.9,81.0
21.1,77.0
20.2,66.0
22.4,72.0
24.0,72.0
19.6,70.0
19.0,76.0
18.8,62.0
27.6,73.0
27.0,75.0
26.1,99.0
24.9,49.0
40.6,24.0
14.1,85.0
14.9,62.0
28.3,61.0
22.2,97.0
25.5,75.0
15.4,80.0
30.1,49.0
11.2,89.0
20.6,77.0
20.4,67.0
17.6,96.0
24.1,37.0
22.6,59.0
24.3,36.0
32.4,60.0
31.9,69.0
27.2,83.0
16.6,91.0
21.8,67.0
21.4,92.0
14.3,85.0
30.5,80.0
21.5,65.0
20.8,87.0
22.2,78.0
17.5,91.0
19.6,76.0
31.7,36.0
37.2,23.0
29.0,77.0
28.2,71.0
23.6,63.0
20.8,46.0
19.3,87.0
19.9,60.0
32.8,48.0
17.2,83.0
22.3,92.0
20.4,72.0
32.9,38.0
28.1,98.0
17.6,46.0
19.8,85.0
29.4,84.0
14.2,100.0
31.6,79.0
21.3,84.0
31.6,65.0
18.3,60.0
18.1,78.0
19.3,80.0
23.0,70.0
14.7,73.0
24.2,35.0
19.8,54.0
17.7,81.0
31.6,63.0
23.0,48.0
17.1,85.0
17.4,91.0
21.0,70.0
35.1,83.0
20.4,94.0
29.4,75.0
28.8,30.0
26.0,55.0
17.1,68.0
35.7,71.0
23.3,93.0
12.3,84.0
28.0,61.0
16.3,92.0
28.7,9.0
32.0,50.0
20.9,54.0
31.8,51.0
25.6,50.0
29.1,36.0
19.3,47.0
25.5,69.0
20.3,46.0
33.0,58.0
20.3,33.0
17.5,100.0
16.3,93.0
21.5,91.0
30.9,73.0
26.3,46.0
25.3,22.0
31.1,14.0
21.5,88.0
17.1,82.0
14.1,75.0
21.7,82.0
31.3,73.0
18.4,93.0
21.7,59.0
14.9,87.0
18.1,100.0
19.9,79.0
22.9,70.0
16.4,58.0
19.9,63.0
24.2,47.0
35.4,39.0
10.0,98.0
26.2,71.0
29.4,57.0
20.9,84.0
15.0,82.0
20.0,96.0
21.9,66.0
25.6,48.0
23.3,44.0
14.3,94.0
41.5,34.0
22.6,53.0
37.3,55.0
23.6,80.0
23.6,73.0
35.5,81.0
13.2,65.0
20.9,27.0
30.7,39.0
27.6,76.0
21.4,41.0
27.1,82.0
28.2,51.0
23.6,73.0
20.4,96.0
24.9,61.0
16.5,81.0
42.1,24.0
39.1,27.0
15.4,74.0
24.7,78.0
33.9,52.0
31.0,66.0
32.4,70.0
12.2,81.0
15.0,43.0
30.8,70.0
17.1,61.0
24.8,76.0
14.8,86.0
23.3,74.0
24.1,62.0
23.5,90.0
14.1,98.0
32.7,98.0
17.0,70.0
26.4,70.0
24.7,77.0
15.6,91.0
26.2,44.0
21.4,72.0
36.4,51.0
26.6,66.0
20.6,99.0
20.5,85.0
23.1,78.0
20.3,54.0
21.0,85.0
17.1,87.0
19.4,56.0
33.2,64.0
18.3,57.0
18.7,89.0
28.4,86.0
22.6,64.0
19.0,58.0
29.3,98.0
25.4,80.0
22.2,48.0
32.9,57.0
32.8,83.0
11.2,88.0
26.0,39.0
34.2,27.0
24.8,72.0
20.3,68.0
19.8,84.0
23.2,24.0
17.7,100.0
28.4,67.0
19.2,48.0
31.1,62.0
34.9,25.0
23.3,63.0
22.6,56.0
24.0,73.0
22.1,64.0
25.9,88.0
23.3,53.0
18.7,92.0
40.9,14.0
32.8,33.0
23.0,62.0
18.6,63.0
32.9,52.0
21.7,79.0
22.4,91.0
27.5,61.0
20.4,75.0
15.3,69.0
18.4,75.0
11.7,71.0
18.1,68.0
16.3,63.0
22.7,69.0
13.4,75.0
23.5,45.0
14.8,73.0
18.9,50.0
44.2,15.0
19.8,94.0
19.1,100.0
9.9,92.0
18.0,81.0
21.8,88.0
23.0,52.0
21.5,64.0
25.5,60.0
29.8,47.0
17.0,77.0
21.0,63.0
28.7,60.0
30.4,61.0
30.4,34.0
18.3,50.0
27.4,73.0
32.7,67.0
12.0,48.0
13.6,70.0
22.4,94.0
17.7,99.0
32.5,46.0
19.5,81.0
36.6,72.0
26.6,59.0
16.7,99.0
19.4,59.0
27.0,69.0
36.9,56.0
26.0,80.0
31.0,66.0
23.2,73.0
20.7,67.0
30.1,64.0
11.6,72.0
18.7,47.0
27.8,86.0
29.7,78.0
34.5,91.0
18.7,54.0
21.2,91.0
26.9,69.0
31.4,50.0
27.2,59.0
23.4,62.0
22.6,45.0
34.5,47.0
24.0,62.0
21.8,71.0
20.9,85.0
20.2,71.0
15.1,67.0
27.6,69.0
33.6,60.0
27.1,49.0
8.7,83.0
15.7,77.0
16.6,95.0
22.0,76.0
30.8,63.0
39.0,16.0
19.1,76.0
30.6,70.0
39.6,14.0
16.1,77.0
22.0,74.0
8.9,98.0
35.5,62.0
16.7,91.0
25.2,43.0
36.9,56.0
33.2,70.0
16.8,55.0
30.4,95.0
31.7,60.0
41.9,67.0
22.5,78.0
32.2,34.0
23.9,65.0
33.0,41.0
16.0,87.0
22.1,56.0
16.2,52.0
21.1,68.0
19.4,98.0
17.4,46.0
15.9,72.0
32.5,31.0
22.9,76.0
26.7,63.0
18.2,89.0
14.1,88.0
34.9,34.0
25.3,50.0
29.3,65.0
2.4,100.0
17.0,81.0
15.5,70.0
25.0,65.0
15.0,100.0
36.1,52.0
25.0,54.0
21.7,59.0
19.6,51.0
17.0,52.0
38.1,33.0
33.8,41.0
34.9,86.0
31.0,63.0
18.5,73.0
29.0,51.0
16.7,98.0
21.8,78.0
22.0,61.0
19.9,73.0
27.5,42.0
18.5,65.0
12.9,97.0
17.2,58.0
23.0,47.0
11.0,80.0
40.5,16.0
33.5,29.0
32.4,71.0
24.6,67.0
28.3,78.0
16.4,72.0
18.2,85.0
17.7,98.0
26.3,55.0
19.8,58.0
22.7,68.0
21.9,59.0
27.8,82.0
24.0,78.0
27.0,48.0
26.4,65.0
25.0,76.0
17.9,91.0
13.4,76.0
23.8,53.0
26.9,85.0
18.7,67.0
30.2,65.0
29.7,53.0
20.3,52.0
23.6,42.0
19.3,70.0
24.4,55.0
28.3,67.0
32.1,86.0
21.8,71.0
17.6,97.0
26.2,45.0
24.4,80.0
29.2,100.0
23.0,89.0
29.2,98.0
41.0,43.0
24.7,77.0
27.5,94.0
31.5,90.0
22.0,68.0
17.1,73.0
21.4,92.0
30.1,82.0
26.2,76.0
22.4,55.0
20.9,71.0
23.3,85.0
27.3,90.0
13.6,79.0
20.0,81.0
24.9,59.0
23.1,51.0
27.0,26.0
23.9,34.0
21.8,56.0
30.9,56.0
10.9,96.0
32.8,75.0
24.8,95.0
9.3,92.0
14.3,81.0
24.5,53.0
30.7,64.0
39.9,8.0
16.9,39.0
34.6,24.0
25.6,50.0
31.5,22.0
30.3,80.0
13.9,99.0
17.0,59.0
27.0,66.0
18.6,78.0
21.3,71.0
12.3,83.0
